-- phpMyAdmin SQL Dump
-- version 5.2.1
-- https://www.phpmyadmin.net/
--
-- Host: 127.0.0.1
-- Generation Time: Jan 27, 2025 at 04:44 AM
-- Server version: 10.4.32-MariaDB
-- PHP Version: 8.2.12

SET SQL_MODE = "NO_AUTO_VALUE_ON_ZERO";
START TRANSACTION;
SET time_zone = "+00:00";


/*!40101 SET @OLD_CHARACTER_SET_CLIENT=@@CHARACTER_SET_CLIENT */;
/*!40101 SET @OLD_CHARACTER_SET_RESULTS=@@CHARACTER_SET_RESULTS */;
/*!40101 SET @OLD_COLLATION_CONNECTION=@@COLLATION_CONNECTION */;
/*!40101 SET NAMES utf8mb4 */;

--
-- Database: `bannuocdb`
--

-- --------------------------------------------------------

--
-- Table structure for table `cthoadon`
--

CREATE TABLE `cthoadon` (
  `id` int(10) UNSIGNED NOT NULL,
  `id_sanpham` int(10) UNSIGNED NOT NULL,
  `id_hoadon` int(10) UNSIGNED NOT NULL,
  `so_luong` tinyint(4) NOT NULL
) ENGINE=InnoDB DEFAULT CHARSET=utf8mb4 COLLATE=utf8mb4_unicode_ci;

--
-- Dumping data for table `cthoadon`
--

INSERT INTO `cthoadon` (`id`, `id_sanpham`, `id_hoadon`, `so_luong`) VALUES
(5, 6, 7, 2),
(6, 7, 7, 4),
(7, 8, 7, 3),
(8, 5, 7, 2),
(9, 4, 8, 1),
(10, 2, 8, 1),
(11, 1, 8, 4),
(12, 8, 9, 7),
(13, 4, 10, 1),
(14, 9, 10, 1),
(15, 8, 10, 1),
(16, 1, 10, 1),
(17, 3, 10, 4),
(18, 11, 10, 4),
(19, 10, 10, 1),
(20, 1, 11, 2),
(21, 3, 11, 2),
(22, 6, 11, 8),
(23, 4, 11, 3),
(24, 5, 11, 2),
(25, 3, 12, 5),
(28, 8, 15, 1),
(29, 7, 15, 4),
(30, 9, 15, 1),
(31, 5, 16, 1),
(32, 4, 16, 1),
(33, 6, 16, 1),
(34, 5, 17, 1),
(35, 4, 17, 1),
(36, 6, 17, 1),
(37, 5, 18, 1),
(38, 4, 18, 1),
(39, 6, 18, 1),
(40, 5, 19, 1),
(41, 4, 19, 1),
(42, 6, 19, 1),
(43, 10, 24, 1),
(44, 11, 24, 1),
(45, 3, 24, 1),
(46, 12, 24, 1),
(47, 5, 25, 1),
(48, 6, 26, 1),
(49, 5, 26, 4),
(51, 3, 28, 5),
(52, 6, 29, 1),
(53, 6, 30, 1),
(54, 11, 31, 1),
(55, 12, 32, 1),
(56, 3, 33, 1),
(57, 10, 34, 1),
(58, 1, 35, 1),
(59, 8, 36, 1),
(60, 6, 37, 1),
(61, 4, 37, 1),
(62, 6, 39, 3),
(63, 6, 40, 1),
(64, 7, 40, 1),
(65, 6, 41, 1),
(66, 4, 41, 1),
(67, 1, 42, 1),
(68, 7, 43, 1),
(69, 8, 43, 1),
(70, 7, 44, 1),
(71, 8, 44, 1),
(74, 4, 46, 3),
(75, 6, 46, 4),
(76, 9, 46, 6),
(77, 5, 46, 4),
(78, 1, 46, 1),
(80, 5, 48, 1),
(81, 4, 52, 1),
(82, 4, 53, 1),
(83, 9, 54, 1),
(85, 5, 56, 1),
(86, 4, 57, 1),
(87, 6, 58, 1),
(88, 5, 59, 1),
(89, 4, 60, 1),
(90, 5, 61, 1),
(91, 9, 62, 1),
(92, 1, 63, 1),
(93, 1, 64, 3),
(94, 4, 65, 1),
(95, 3, 66, 1),
(96, 1, 67, 1),
(97, 11, 67, 1),
(98, 1, 68, 2),
(99, 2, 68, 6),
(100, 3, 68, 2),
(101, 6, 69, 1),
(102, 7, 69, 1),
(103, 8, 69, 1),
(104, 9, 69, 1),
(105, 1, 70, 1),
(106, 10, 70, 1),
(107, 11, 70, 1),
(108, 12, 70, 1),
(109, 1, 71, 2),
(110, 5, 71, 2),
(111, 6, 71, 2),
(112, 4, 71, 2),
(113, 1, 72, 1),
(114, 3, 72, 1),
(115, 6, 72, 7),
(116, 8, 73, 3),
(118, 4, 75, 7),
(119, 5, 76, 2),
(120, 6, 76, 1),
(121, 7, 76, 2),
(122, 5, 77, 1),
(123, 6, 77, 3),
(124, 1, 77, 4),
(125, 2, 77, 6),
(126, 26, 81, 1),
(127, 27, 81, 1),
(129, 5, 83, 1),
(130, 6, 83, 1),
(131, 4, 83, 1),
(132, 8, 83, 2),
(133, 7, 83, 2),
(134, 9, 83, 2),
(135, 1, 84, 1),
(136, 2, 84, 1),
(137, 3, 84, 1),
(138, 6, 84, 1),
(139, 29, 84, 3),
(140, 31, 84, 2),
(143, 27, 87, 4),
(144, 8, 88, 3),
(145, 46, 88, 3),
(146, 2, 89, 2),
(147, 49, 89, 2),
(148, 26, 90, 1),
(149, 28, 90, 1),
(150, 13, 90, 1),
(154, 35, 93, 2),
(155, 35, 94, 1),
(156, 5, 95, 2),
(157, 6, 95, 2),
(158, 7, 95, 2),
(159, 8, 95, 1),
(160, 2, 95, 2),
(161, 27, 96, 1),
(162, 26, 96, 3),
(163, 2, 97, 2),
(164, 3, 97, 1),
(165, 1, 97, 2),
(166, 35, 98, 1),
(167, 40, 98, 1),
(168, 6, 99, 1),
(169, 46, 99, 2),
(170, 6, 100, 1),
(171, 39, 100, 2),
(172, 46, 101, 1),
(173, 1, 101, 1),
(174, 2, 101, 1),
(175, 14, 101, 1),
(176, 18, 101, 2),
(177, 22, 101, 1),
(178, 26, 102, 2),
(179, 5, 103, 1),
(180, 6, 103, 1),
(181, 7, 103, 1),
(182, 1, 103, 1),
(183, 26, 103, 1),
(184, 36, 103, 7),
(185, 37, 103, 2),
(186, 38, 103, 1),
(187, 39, 103, 1),
(188, 34, 104, 1),
(189, 2, 105, 11),
(190, 11, 105, 1),
(191, 9, 105, 3),
(192, 9, 106, 1),
(193, 8, 106, 1),
(194, 6, 107, 1),
(195, 7, 107, 1),
(198, 26, 109, 1),
(199, 5, 110, 4),
(200, 6, 111, 1),
(207, 14, 117, 1),
(208, 5, 118, 2),
(209, 6, 119, 1),
(210, 8, 120, 1),
(211, 9, 121, 1),
(212, 6, 122, 1),
(213, 6, 123, 1),
(214, 7, 126, 1),
(215, 7, 132, 1),
(216, 6, 133, 1),
(217, 7, 135, 1),
(218, 6, 141, 1),
(219, 7, 142, 1),
(220, 8, 143, 1),
(221, 7, 144, 1),
(222, 6, 145, 4),
(223, 6, 146, 1),
(224, 5, 147, 6),
(225, 6, 148, 1),
(226, 8, 149, 1),
(227, 8, 150, 1),
(228, 5, 151, 1),
(229, 8, 152, 1),
(230, 7, 153, 1),
(231, 7, 154, 1),
(232, 7, 156, 1),
(233, 6, 156, 1),
(234, 9, 158, 1),
(235, 3, 159, 1),
(236, 22, 160, 1),
(238, 41, 162, 1),
(239, 27, 162, 2),
(240, 73, 162, 1),
(241, 1, 163, 1),
(242, 10, 164, 1),
(243, 3, 165, 1),
(244, 1, 166, 1),
(245, 1, 167, 1),
(246, 2, 168, 1),
(247, 1, 169, 1),
(248, 3, 170, 1),
(249, 4, 171, 1),
(250, 1, 172, 1),
(251, 1, 173, 1),
(252, 9, 174, 1),
(253, 9, 175, 1),
(254, 14, 176, 1),
(255, 20, 177, 1),
(256, 11, 178, 1),
(257, 6, 179, 1),
(258, 1, 180, 1),
(259, 2, 181, 1),
(260, 9, 182, 1),
(261, 11, 183, 1),
(262, 9, 184, 1),
(263, 70, 185, 1),
(264, 70, 186, 1),
(265, 70, 187, 1),
(266, 23, 188, 1),
(267, 1, 188, 1),
(268, 65, 188, 1),
(269, 11, 188, 1),
(270, 2, 191, 1),
(271, 14, 192, 1),
(272, 3, 193, 1),
(273, 28, 194, 1),
(274, 2, 195, 1),
(275, 4, 196, 1),
(276, 18, 197, 1),
(277, 2, 198, 1),
(278, 1, 199, 1),
(279, 6, 200, 1),
(280, 24, 201, 1),
(281, 1, 202, 1),
(282, 1, 203, 1),
(283, 2, 203, 1),
(284, 22, 204, 1),
(285, 2, 204, 1),
(286, 1, 205, 1),
(287, 2, 205, 1),
(288, 14, 214, 1),
(289, 2, 215, 1),
(290, 2, 216, 1),
(291, 20, 217, 1),
(297, 3, 223, 1),
(298, 6, 224, 1),
(299, 3, 225, 1),
(300, 3, 226, 1),
(301, 4, 226, 1),
(302, 33, 227, 1),
(303, 3, 228, 1),
(304, 10, 229, 1),
(305, 19, 230, 1),
(306, 11, 231, 1),
(307, 4, 232, 1),
(308, 15, 234, 1),
(309, 11, 235, 1),
(310, 3, 236, 1),
(311, 9, 237, 1),
(312, 28, 238, 1),
(313, 20, 239, 1),
(314, 6, 240, 1),
(315, 33, 241, 1),
(316, 3, 243, 1),
(317, 2, 244, 1),
(318, 9, 245, 1),
(319, 3, 246, 1),
(320, 2, 247, 1),
(321, 1, 248, 1),
(322, 4, 249, 1),
(323, 19, 250, 1),
(324, 4, 251, 1),
(325, 2, 253, 1),
(326, 2, 254, 1),
(327, 1, 256, 1),
(328, 1, 259, 1),
(329, 1, 260, 1),
(330, 1, 261, 1),
(331, 1, 262, 1),
(332, 18, 263, 1),
(333, 1, 264, 1),
(334, 12, 264, 1),
(335, 20, 264, 1),
(336, 11, 264, 1),
(337, 1, 265, 1),
(338, 1, 266, 1),
(339, 20, 268, 1),
(340, 7, 269, 1),
(341, 19, 270, 1),
(342, 28, 271, 1),
(343, 3, 272, 1),
(344, 14, 273, 1),
(345, 5, 274, 1),
(346, 5, 275, 1),
(347, 21, 277, 1),
(348, 18, 277, 1),
(349, 3, 278, 1),
(350, 2, 279, 1),
(351, 2, 280, 1),
(352, 2, 281, 1),
(353, 2, 282, 1),
(354, 2, 283, 1),
(355, 2, 284, 1),
(356, 2, 285, 1),
(360, 2, 300, 1),
(361, 1, 300, 1),
(362, 2, 302, 1),
(363, 1, 305, 1),
(364, 2, 307, 1),
(365, 2, 308, 1),
(366, 2, 309, 1),
(367, 2, 311, 1),
(368, 18, 313, 1),
(369, 1, 316, 1),
(370, 1, 317, 1),
(371, 1, 318, 1),
(372, 3, 320, 1),
(373, 1, 322, 1),
(374, 1, 323, 2),
(375, 10, 324, 1),
(376, 1, 325, 1),
(377, 19, 326, 1),
(378, 65, 327, 1),
(379, 5, 328, 1),
(380, 1, 329, 1),
(381, 21, 331, 1),
(382, 3, 331, 1),
(383, 3, 341, 1),
(384, 20, 342, 1),
(385, 1, 345, 1),
(386, 18, 358, 1),
(387, 18, 360, 1),
(388, 6, 361, 1),
(389, 1, 362, 1),
(390, 1, 363, 1),
(391, 1, 364, 2),
(392, 4, 365, 1),
(393, 4, 366, 1),
(394, 1, 367, 1),
(395, 3, 368, 1),
(396, 5, 369, 1),
(397, 3, 370, 1),
(398, 6, 371, 1),
(399, 3, 372, 1),
(400, 1, 373, 1),
(401, 1, 375, 1),
(402, 1, 376, 1),
(403, 1, 377, 1),
(404, 1, 378, 1),
(405, 5, 379, 1),
(406, 1, 380, 1),
(407, 1, 381, 1),
(408, 1, 383, 1),
(409, 19, 385, 1),
(410, 26, 388, 1),
(411, 4, 389, 1),
(412, 3, 391, 1),
(413, 22, 393, 1),
(414, 22, 394, 1),
(415, 22, 395, 1),
(416, 2, 397, 1),
(417, 2, 398, 1),
(418, 22, 400, 1),
(419, 23, 402, 1),
(420, 2, 404, 1),
(421, 25, 405, 1),
(422, 23, 405, 1),
(423, 23, 406, 1),
(424, 23, 407, 1),
(425, 23, 408, 1),
(426, 23, 409, 1),
(427, 2, 410, 1),
(428, 33, 411, 1),
(431, 2, 414, 1),
(432, 3, 415, 5),
(433, 1, 415, 1),
(434, 2, 415, 1),
(435, 4, 415, 1),
(436, 5, 416, 1);

-- --------------------------------------------------------

--
-- Table structure for table `ctphieunhap`
--

CREATE TABLE `ctphieunhap` (
  `id_phieunhap` int(10) UNSIGNED NOT NULL,
  `id_sp` int(10) UNSIGNED NOT NULL,
  `so_luong` int(11) NOT NULL
) ENGINE=InnoDB DEFAULT CHARSET=utf8mb4 COLLATE=utf8mb4_unicode_ci;

--
-- Dumping data for table `ctphieunhap`
--

INSERT INTO `ctphieunhap` (`id_phieunhap`, `id_sp`, `so_luong`) VALUES
(2, 52, 50),
(23, 2, 1),
(23, 3, 10),
(23, 73, 1),
(26, 3, 20),
(27, 2, 10),
(27, 49, 100),
(28, 2, 3),
(28, 47, 1);

-- --------------------------------------------------------

--
-- Table structure for table `danhmuc`
--

CREATE TABLE `danhmuc` (
  `id` int(10) UNSIGNED NOT NULL,
  `ten_danhmuc` varchar(191) NOT NULL
) ENGINE=InnoDB DEFAULT CHARSET=utf8 COLLATE=utf8_unicode_ci;

--
-- Dumping data for table `danhmuc`
--

INSERT INTO `danhmuc` (`id`, `ten_danhmuc`) VALUES
(1, 'Thống kê'),
(2, 'Danh mục bài viết'),
(3, 'Bài viết'),
(4, 'Thể loại'),
(5, 'Sản phẩm'),
(6, 'Khách hàng'),
(7, 'Nhà cung cấp'),
(8, 'Phiếu nhập'),
(9, 'Hóa đơn'),
(10, 'Tài khoản'),
(11, 'Nhân viên'),
(12, 'Quản lý quyền'),
(14, 'Đổi mật khẩu');

-- --------------------------------------------------------

--
-- Table structure for table `hinhanhsp`
--

CREATE TABLE `hinhanhsp` (
  `id` int(10) UNSIGNED NOT NULL,
  `hinh_anh` varchar(255) NOT NULL,
  `id_sp` int(10) UNSIGNED NOT NULL
) ENGINE=InnoDB DEFAULT CHARSET=utf8mb4 COLLATE=utf8mb4_unicode_ci;

--
-- Dumping data for table `hinhanhsp`
--

INSERT INTO `hinhanhsp` (`id`, `hinh_anh`, `id_sp`) VALUES
(1, 'sp1.jpg', 12),
(2, 'sp2.jpg', 13),
(3, 'sp3.jpg', 10),
(4, 'sp4.jpg', 24),
(5, 'sp5.jpg', 9),
(6, 'srm1.jpg', 1),
(7, 'srm2.jpg', 2),
(8, 'srm3.jpg', 3),
(9, 'srm4.jpg', 5),
(10, 'srm5.jpg', 4),
(11, 'serum1.jpg', 6),
(12, 'Serum2.jpg', 8),
(13, 'serum3.jpg', 17),
(14, 'serum4.jpg', 7),
(15, 'serum5.jpg', 21),
(17, 'NH1.jpg', 19),
(18, 'NH2.jpg', 14),
(19, 'NH3.jpg', 18),
(20, 'NH4.jpg', 15),
(22, 'NTT1.jpg', 22),
(23, 'NTT2.jpg', 20),
(24, 'NTT5.jpg', 25),
(25, 'NTT4.jpg', 23),
(26, 'NTT3.jpg', 11),
(35, 'srmN.jpg', 5),
(41, 'SerumDT.jpg', 7),
(66, 'ChannelCoco.jpg', 19),
(80, 'simpToner.jpg', 23),
(156, 'nhh(1).jpg', 34),
(173, '1enter(1)(1).jpg', 38),
(174, '1enter(1).jpg', 38),
(175, '3ce_1(1).jpg', 38),
(180, 'son-duong-dior-addict-lip-maximizer-001-pink-1.jpg', 65),
(181, 'son-duong-dior-addict-lip-maximizer-001-pink-2.jpg', 65),
(182, 'son-duong-dior-addict-lip-maximizer-001-pink-3.jpg', 65),
(186, '84487341_1562557427216801_4680609862592233472_n.jpg', 70),
(187, '84695501_1562557407216803_7820095643023572992_n.jpg', 70),
(188, '84792464_1562557347216809_5123576468625948672_n.jpg', 70),
(189, 'son-dior-rouge-888-strong-matte-1.jpg', 71),
(190, 'son-dior-rouge-888-strong-matte-2.jpg', 71),
(191, 'son-dior-rouge-888-strong-matte-3.jpeg', 71),
(195, 'son-burberry-1.jpg', 73),
(196, 'son-burberry-2.jpg', 73),
(197, 'son-burberry-3.jpg', 73),
(214, 'OIP_(1)(1).jpg', 82);

-- --------------------------------------------------------

--
-- Table structure for table `hoadon`
--

CREATE TABLE `hoadon` (
  `id` int(10) UNSIGNED NOT NULL,
  `id_khachhang` int(10) UNSIGNED NOT NULL,
  `tong_tien` int(11) NOT NULL,
  `ngay_tao` timestamp NOT NULL DEFAULT current_timestamp() ON UPDATE current_timestamp(),
  `id_nhanvien` int(10) DEFAULT NULL,
  `trang_thai` tinyint(1) NOT NULL
) ENGINE=InnoDB DEFAULT CHARSET=utf8 COLLATE=utf8_unicode_ci;

--
-- Dumping data for table `hoadon`
--

INSERT INTO `hoadon` (`id`, `id_khachhang`, `tong_tien`, `ngay_tao`, `id_nhanvien`, `trang_thai`) VALUES
(7, 1, 96300, '2021-05-13 09:49:40', NULL, 0),
(8, 1, 57450, '2021-05-13 09:50:03', NULL, 0),
(9, 1, 52500, '2021-05-13 09:50:03', NULL, 0),
(10, 1, 118500, '2021-05-13 09:50:03', NULL, 0),
(11, 2, 166500, '2021-05-13 09:50:03', NULL, 0),
(12, 2, 37500, '2021-05-13 09:50:03', NULL, 0),
(15, 2, 52800, '2021-05-13 09:50:03', 1, 1),
(16, 2, 29500, '2021-05-13 09:50:03', 1, 1),
(17, 2, 29500, '2021-05-13 09:50:03', 1, 1),
(18, 2, 29500, '2021-05-13 09:50:03', 1, 1),
(19, 2, 29500, '2021-05-13 09:50:03', 1, 1),
(24, 2, 36450, '2021-05-13 09:50:03', 1, 1),
(25, 2, 8500, '2021-05-13 09:50:03', 1, 1),
(26, 2, 44500, '2021-05-13 09:50:03', 1, 1),
(27, 2, 8500, '2021-05-13 09:50:03', 1, 1),
(28, 2, 37500, '2021-05-13 09:50:03', NULL, 0),
(29, 2, 10500, '2021-05-13 09:50:03', NULL, 0),
(30, 2, 10500, '2021-05-13 09:50:03', NULL, 0),
(31, 2, 10500, '2021-05-13 09:50:03', NULL, 0),
(32, 2, 8950, '2021-05-13 09:50:03', NULL, 0),
(33, 2, 7500, '2021-05-13 09:50:03', NULL, 0),
(34, 2, 9500, '2021-05-13 09:50:03', NULL, 0),
(35, 2, 9500, '2021-05-13 09:50:03', NULL, 0),
(36, 2, 7500, '2021-05-13 09:50:03', NULL, 0),
(37, 3, 21000, '2021-05-13 10:05:08', 1, 1),
(39, 3, 31500, '2021-05-13 09:50:03', NULL, 0),
(40, 3, 19450, '2021-05-13 09:50:03', NULL, 0),
(41, 3, 21000, '2021-05-13 09:50:03', NULL, 0),
(42, 3, 9500, '2021-05-13 09:50:03', NULL, 0),
(43, 3, 16450, '2021-05-13 09:50:03', NULL, 0),
(44, 3, 16450, '2021-05-13 09:50:03', NULL, 0),
(46, 4, 174000, '2021-05-13 09:50:03', 1, 1),
(48, 4, 8500, '2021-05-13 09:50:03', 1, 1),
(52, 4, 10500, '2021-05-13 09:50:03', 1, 1),
(53, 4, 10500, '2021-05-13 09:50:03', 1, 1),
(54, 4, 9500, '2021-05-13 09:50:03', 1, 1),
(56, 4, 8500, '2021-05-13 10:05:06', 1, 1),
(57, 4, 10500, '2021-05-13 10:05:04', 1, 1),
(58, 4, 10500, '2021-05-13 10:05:00', 1, 1),
(59, 4, 8500, '2021-05-13 10:04:58', 1, 1),
(60, 4, 10500, '2021-05-13 10:04:56', 1, 1),
(61, 4, 8500, '2021-05-13 10:04:50', 1, 1),
(62, 4, 9500, '2021-05-13 10:04:48', 1, 1),
(63, 4, 9500, '2021-05-13 10:04:46', 1, 1),
(64, 4, 28500, '2021-05-13 09:50:03', 1, 1),
(65, 4, 10500, '2021-05-13 09:50:03', 1, 1),
(66, 4, 7500, '2021-05-13 09:50:03', 1, 1),
(67, 4, 20000, '2021-05-13 09:50:03', 1, 1),
(68, 7, 87700, '2021-05-13 09:50:03', 1, 1),
(69, 6, 36450, '2021-05-13 09:50:03', 1, 1),
(70, 6, 38450, '2021-05-13 09:50:03', 1, 1),
(71, 6, 78000, '2021-05-13 09:50:03', 1, 1),
(72, 5, 90500, '2021-05-13 09:50:03', 1, 1),
(73, 5, 22500, '2021-05-13 09:50:03', 1, 1),
(75, 5, 73500, '2021-05-13 09:50:03', 1, 1),
(76, 5, 45400, '2021-05-13 09:50:03', 1, 1),
(77, 6, 131700, '2021-05-13 09:50:03', 1, 1),
(81, 6, 269000, '2021-05-13 09:50:03', 1, 1),
(83, 6, 81400, '2021-05-13 09:50:03', 1, 1),
(84, 6, 564450, '2021-05-13 09:50:03', 1, 1),
(87, 3, 1016000, '2021-05-13 10:02:43', 1, 1),
(88, 7, 232500, '2021-05-13 13:10:37', 1, 1),
(89, 7, 35800, '2021-05-13 13:11:28', 1, 1),
(90, 7, 42600, '2021-05-13 13:23:26', 1, 1),
(93, 9, 400000, '2021-05-13 13:50:00', 1, 1),
(94, 8, 200000, '2021-05-13 14:25:24', NULL, 0),
(95, 2, 81300, '2021-05-14 03:46:31', 1, 1),
(96, 1, 299000, '2021-05-14 03:47:21', NULL, 0),
(97, 1, 44400, '2021-05-14 03:48:33', NULL, 0),
(98, 1, 224200, '2021-05-14 03:49:07', NULL, 0),
(99, 1, 150500, '2021-05-14 03:52:56', NULL, 0),
(100, 3, 340500, '2021-05-14 03:57:38', 1, 1),
(101, 3, 136350, '2021-05-14 03:58:05', NULL, 0),
(102, 3, 30000, '2021-05-14 04:38:04', NULL, 0),
(103, 3, 408950, '2021-05-14 06:01:00', 1, 1),
(104, 3, 45000, '2021-05-14 06:40:59', NULL, 0),
(105, 3, 137450, '2021-05-14 08:04:48', NULL, 0),
(106, 6, 17000, '2021-05-14 13:22:17', NULL, 0),
(107, 6, 19950, '2021-05-14 14:18:36', NULL, 0),
(109, 10, 15000, '2021-05-15 02:54:50', 1, 1),
(110, 13, 800000, '2023-12-10 10:38:30', NULL, 0),
(111, 13, 259000, '2023-12-10 10:39:30', NULL, 0),
(117, 13, 200000, '2023-12-10 11:20:28', NULL, 0),
(118, 37, 400000, '2024-03-17 06:01:19', NULL, 0),
(119, 37, 259000, '2024-03-17 06:01:44', NULL, 0),
(120, 37, 1167000, '2024-03-17 06:02:13', NULL, 0),
(121, 38, 273000, '2024-03-17 14:56:21', NULL, 0),
(122, 38, 259000, '2024-03-18 03:55:04', NULL, 0),
(123, 38, 259000, '2024-03-18 04:02:58', NULL, 0),
(124, 38, 343000, '2024-03-18 16:23:37', NULL, 0),
(125, 38, 343000, '2024-03-18 16:23:37', NULL, 0),
(126, 38, 343000, '2024-03-18 16:25:47', NULL, 0),
(127, 38, 0, '2024-03-18 16:26:00', NULL, 0),
(128, 38, 0, '2024-03-18 16:26:25', NULL, 0),
(129, 38, 0, '2024-03-18 16:26:29', NULL, 0),
(130, 38, 0, '2024-03-18 16:26:58', NULL, 0),
(132, 38, 343000, '2024-03-24 07:08:10', NULL, 0),
(133, 38, 259000, '2024-04-06 02:00:27', NULL, 0),
(134, 38, 0, '2024-04-06 02:00:41', NULL, 0),
(135, 38, 343000, '2024-04-06 02:03:14', NULL, 0),
(139, 38, 0, '2024-04-06 02:09:50', NULL, 0),
(140, 38, 0, '2024-04-06 02:10:09', NULL, 0),
(141, 38, 259000, '2024-04-06 02:10:52', NULL, 0),
(142, 38, 343000, '2024-04-06 02:13:33', NULL, 0),
(143, 38, 1167000, '2024-04-06 02:17:27', NULL, 0),
(144, 38, 343000, '2024-04-06 02:26:18', NULL, 0),
(145, 38, 1036000, '2024-04-06 03:11:35', NULL, 0),
(146, 38, 259000, '2024-04-06 03:32:19', NULL, 0),
(147, 38, 1200000, '2024-04-06 03:37:06', NULL, 0),
(148, 38, 259000, '2024-04-06 03:37:50', NULL, 0),
(149, 38, 1167000, '2024-04-06 03:39:31', NULL, 0),
(150, 38, 1167000, '2024-04-06 03:40:03', NULL, 0),
(151, 38, 200000, '2024-04-06 03:45:42', NULL, 0),
(152, 38, 1167000, '2024-04-06 03:46:07', NULL, 0),
(153, 38, 343000, '2024-04-09 05:35:38', NULL, 0),
(154, 38, 343000, '2024-04-12 03:34:58', NULL, 0),
(156, 38, 602000, '2024-04-16 03:58:10', NULL, 0),
(158, 39, 273000, '2024-05-04 02:53:15', NULL, 0),
(159, 39, 326000, '2024-05-04 02:54:11', NULL, 0),
(160, 39, 159000, '2024-05-04 03:15:01', NULL, 0),
(162, 38, 1537000, '2024-05-15 13:59:42', NULL, 0),
(163, 38, 352000, '2024-05-16 05:28:30', NULL, 0),
(164, 38, 440000, '2024-05-16 05:28:48', NULL, 0),
(165, 38, 326000, '2024-05-16 05:30:52', NULL, 0),
(166, 38, 352000, '2024-05-16 05:36:59', NULL, 0),
(167, 38, 352000, '2024-05-16 05:41:00', NULL, 0),
(168, 38, 102000, '2024-05-16 05:43:20', NULL, 0),
(169, 38, 352000, '2024-05-16 05:43:36', NULL, 0),
(170, 38, 326000, '2024-05-16 05:43:58', NULL, 0),
(171, 38, 339000, '2024-05-16 05:45:14', NULL, 0),
(172, 38, 352000, '2024-05-16 05:45:55', NULL, 0),
(173, 38, 352000, '2024-05-16 05:49:30', NULL, 0),
(174, 38, 273000, '2024-05-16 05:50:05', NULL, 0),
(175, 38, 273000, '2024-05-16 05:51:08', NULL, 0),
(176, 38, 200000, '2024-05-16 05:51:22', NULL, 0),
(177, 38, 359000, '2024-05-16 05:53:16', NULL, 0),
(178, 38, 349000, '2024-05-16 05:53:29', NULL, 0),
(179, 38, 259000, '2024-05-16 05:55:19', NULL, 0),
(180, 38, 352000, '2024-05-17 06:12:32', NULL, 0),
(181, 38, 102000, '2024-05-17 06:13:34', NULL, 0),
(182, 38, 288000, '2024-05-17 06:17:48', NULL, 0),
(183, 38, 364000, '2024-05-17 06:18:18', NULL, 0),
(184, 38, 273000, '2024-05-17 06:19:31', NULL, 0),
(185, 38, 150000, '2024-05-17 06:23:03', NULL, 0),
(186, 38, 150000, '2024-05-17 06:23:35', NULL, 0),
(187, 38, 150000, '2024-05-17 06:24:42', NULL, 0),
(188, 38, 1448000, '2024-05-18 03:23:34', NULL, 0),
(191, 38, 102000, '2024-05-18 06:07:47', NULL, 0),
(192, 38, 200000, '2024-05-18 06:08:26', NULL, 0),
(193, 38, 341000, '2024-05-18 06:11:33', NULL, 0),
(194, 38, 150000, '2024-05-18 06:11:47', NULL, 0),
(195, 38, 102000, '2024-05-19 13:17:12', NULL, 0),
(196, 38, 354000, '2024-05-19 13:20:58', NULL, 0),
(197, 38, 315000, '2024-05-19 13:23:58', 0, 1),
(198, 38, 117000, '2024-05-19 13:25:11', NULL, 0),
(199, 38, 367000, '2024-05-19 13:25:54', NULL, 0),
(200, 38, 274000, '2024-05-19 13:27:45', 0, 1),
(201, 38, 314000, '2024-05-19 13:28:33', 0, 1),
(202, 38, 367000, '2024-05-19 13:30:58', 0, 1),
(203, 38, 469000, '2024-05-19 15:49:37', 0, 1),
(204, 40, 276000, '2024-05-19 17:32:04', NULL, 0),
(205, 40, 469000, '2024-05-19 17:32:24', NULL, 0),
(214, 38, 200000, '2024-05-20 04:19:52', NULL, 0),
(215, 38, 117000, '2024-05-20 04:23:25', NULL, 0),
(216, 38, 117000, '2024-05-20 04:23:46', NULL, 0),
(217, 38, 374000, '2024-05-20 04:34:58', NULL, 0),
(218, 38, 15000, '2024-05-20 04:41:53', NULL, 0),
(219, 38, 15000, '2024-05-20 04:41:59', NULL, 0),
(220, 38, 15000, '2024-05-20 04:41:59', NULL, 0),
(221, 38, 15000, '2024-05-20 04:42:00', NULL, 0),
(222, 38, 15000, '2024-05-20 04:42:00', NULL, 0),
(223, 38, 341000, '2024-05-20 04:47:43', NULL, 0),
(224, 38, 274000, '2024-05-20 04:48:35', NULL, 0),
(225, 38, 341000, '2024-05-20 04:48:59', NULL, 0),
(226, 38, 680000, '2024-05-23 05:28:14', NULL, 0),
(227, 38, 202000, '2024-05-23 05:28:31', NULL, 0),
(228, 38, 341000, '2024-05-23 05:29:19', NULL, 0),
(229, 38, 455000, '2024-05-23 05:29:34', NULL, 0),
(230, 38, 415000, '2024-05-23 05:30:07', NULL, 0),
(231, 38, 364000, '2024-05-23 05:31:59', NULL, 0),
(232, 38, 354000, '2024-05-23 05:36:53', NULL, 0),
(233, 38, 15000, '2024-05-23 05:38:07', NULL, 0),
(234, 38, 315000, '2024-05-23 05:38:19', NULL, 0),
(235, 38, 364000, '2024-05-23 05:38:45', NULL, 0),
(236, 38, 341000, '2024-05-23 05:39:09', NULL, 0),
(237, 38, 288000, '2024-05-23 05:39:22', NULL, 0),
(238, 38, 150000, '2024-05-23 05:43:10', NULL, 0),
(239, 38, 374000, '2024-05-23 05:45:14', NULL, 0),
(240, 38, 274000, '2024-05-23 05:45:27', NULL, 0),
(241, 38, 202000, '2024-05-23 05:46:52', NULL, 0),
(243, 38, 341000, '2024-05-23 05:50:29', NULL, 0),
(244, 38, 117000, '2024-05-23 05:51:17', NULL, 0),
(245, 38, 288000, '2024-05-23 05:51:29', 0, 1),
(246, 38, 341000, '2024-05-25 06:14:46', NULL, 0),
(247, 38, 117000, '2024-05-25 06:16:04', NULL, 0),
(248, 38, 367000, '2024-05-25 06:17:34', NULL, 0),
(249, 38, 354000, '2024-05-25 06:18:36', NULL, 0),
(250, 38, 415000, '2024-05-25 07:30:36', NULL, 0),
(251, 38, 354000, '2024-05-25 07:33:19', NULL, 0),
(252, 38, 15000, '2024-05-25 07:35:55', NULL, 0),
(253, 38, 117000, '2024-05-25 07:36:24', NULL, 0),
(254, 38, 117000, '2024-05-25 07:37:35', NULL, 0),
(255, 38, 15000, '2024-05-25 07:39:18', NULL, 0),
(256, 38, 367000, '2024-05-25 07:39:34', NULL, 0),
(257, 38, 15000, '2024-05-25 07:40:21', NULL, 0),
(258, 38, 15000, '2024-05-25 07:41:27', NULL, 0),
(259, 38, 367000, '2024-05-25 07:41:42', NULL, 0),
(260, 38, 367000, '2024-05-25 07:44:38', NULL, 0),
(261, 38, 367000, '2024-05-25 07:48:22', NULL, 0),
(262, 42, 367000, '2024-05-25 08:46:47', NULL, 0),
(263, 39, 315000, '2024-05-25 16:15:08', NULL, 0),
(264, 38, 1482000, '2024-05-26 06:34:53', NULL, 0),
(265, 39, 367000, '2024-05-26 12:36:07', NULL, 0),
(266, 39, 367000, '2024-05-26 12:56:55', 0, 1),
(268, 38, 374000, '2024-05-27 06:15:30', 1, 1),
(269, 38, 358000, '2024-05-27 18:00:09', NULL, 0),
(270, 38, 415000, '2024-05-28 02:48:00', NULL, 0),
(271, 38, 150000, '2024-05-28 03:01:28', NULL, 0),
(272, 38, 341000, '2024-05-28 03:16:09', NULL, 0),
(273, 38, 215000, '2024-05-28 03:17:36', NULL, 0),
(274, 38, 215000, '2024-05-28 12:07:46', NULL, 0),
(275, 38, 215000, '2024-05-29 02:58:26', NULL, 0),
(277, 38, 601000, '2024-05-30 11:14:34', 0, 1),
(278, 43, 341000, '2024-11-04 15:18:07', NULL, 0),
(279, 43, 117000, '2024-11-04 15:20:50', NULL, 0),
(280, 43, 117000, '2024-11-04 15:23:47', NULL, 0),
(281, 43, 117000, '2024-11-04 15:23:57', NULL, 0),
(282, 43, 117000, '2024-11-04 15:24:52', NULL, 0),
(283, 43, 117000, '2024-11-04 15:27:35', NULL, 0),
(284, 43, 117000, '2024-11-04 15:27:43', NULL, 0),
(285, 43, 117000, '2024-11-04 15:28:14', NULL, 0),
(300, 43, 469000, '2024-11-04 15:42:07', NULL, 0),
(301, 43, 15000, '2024-11-04 15:42:37', NULL, 0),
(302, 43, 117000, '2024-11-04 15:47:00', NULL, 0),
(303, 43, 15000, '2024-11-04 15:47:05', NULL, 0),
(304, 43, 15000, '2024-11-04 15:47:36', NULL, 0),
(305, 43, 367000, '2024-11-04 15:47:47', NULL, 0),
(306, 43, 15000, '2024-11-04 15:47:51', NULL, 0),
(307, 43, 117000, '2024-11-04 15:48:33', NULL, 0),
(308, 43, 117000, '2024-11-04 15:50:44', NULL, 0),
(309, 43, 117000, '2024-11-04 15:50:57', NULL, 0),
(310, 43, 15000, '2024-11-04 15:51:23', NULL, 0),
(311, 43, 117000, '2024-11-04 15:53:25', NULL, 0),
(312, 43, 15000, '2024-11-04 15:53:38', NULL, 0),
(313, 43, 315000, '2024-11-04 15:59:05', NULL, 0),
(314, 43, 15000, '2024-11-04 15:59:10', NULL, 0),
(315, 43, 15000, '2024-11-04 16:02:58', NULL, 0),
(316, 43, 367000, '2024-11-04 16:03:15', NULL, 0),
(317, 43, 367000, '2024-11-04 16:05:50', NULL, 0),
(318, 43, 367000, '2024-11-07 15:38:49', NULL, 0),
(319, 43, 15000, '2024-11-07 15:42:12', NULL, 0),
(320, 43, 341000, '2024-11-07 15:42:48', NULL, 0),
(321, 43, 15000, '2024-11-07 15:42:58', NULL, 0),
(322, 43, 367000, '2024-11-07 15:51:39', NULL, 0),
(323, 43, 719000, '2024-11-07 15:58:40', NULL, 0),
(324, 43, 455000, '2024-11-07 15:59:04', NULL, 0),
(325, 43, 367000, '2024-11-07 16:00:39', NULL, 0),
(326, 43, 415000, '2024-11-07 16:01:32', NULL, 0),
(327, 43, 650000, '2024-11-07 16:02:32', NULL, 0),
(328, 43, 215000, '2024-11-12 14:48:57', NULL, 0),
(329, 43, 367000, '2024-11-12 14:56:45', NULL, 0),
(330, 43, 15000, '2024-11-12 15:01:57', NULL, 0),
(331, 43, 627000, '2024-11-12 15:07:27', NULL, 0),
(332, 43, 15000, '2024-11-12 15:10:13', NULL, 0),
(333, 43, 15000, '2024-11-12 15:10:29', NULL, 0),
(334, 43, 15000, '2024-11-12 15:11:10', NULL, 0),
(335, 43, 15000, '2024-11-12 15:12:09', NULL, 0),
(336, 43, 15000, '2024-11-12 15:12:21', NULL, 0),
(337, 43, 15000, '2024-11-12 15:12:49', NULL, 0),
(338, 43, 15000, '2024-11-12 15:17:19', NULL, 0),
(339, 43, 15000, '2024-11-12 15:28:38', NULL, 0),
(340, 43, 15000, '2024-11-12 15:30:10', NULL, 0),
(341, 43, 341000, '2024-11-12 15:30:24', NULL, 0),
(342, 43, 374000, '2024-11-13 14:40:41', NULL, 0),
(343, 43, 15000, '2024-11-13 14:51:23', NULL, 0),
(344, 43, 15000, '2024-11-13 14:51:26', NULL, 0),
(345, 43, 367000, '2024-11-13 14:51:39', NULL, 0),
(346, 43, 15000, '2024-11-13 14:54:44', NULL, 0),
(347, 43, 15000, '2024-11-13 14:55:05', NULL, 0),
(348, 43, 15000, '2024-11-13 14:55:09', NULL, 0),
(349, 43, 15000, '2024-11-13 14:55:12', NULL, 0),
(350, 43, 15000, '2024-11-13 14:55:16', NULL, 0),
(351, 43, 15000, '2024-11-13 14:55:55', NULL, 0),
(352, 43, 15000, '2024-11-13 14:55:59', NULL, 0),
(353, 43, 15000, '2024-11-13 14:56:48', NULL, 0),
(354, 43, 15000, '2024-11-13 14:57:01', NULL, 0),
(355, 43, 15000, '2024-11-13 14:57:04', NULL, 0),
(356, 43, 15000, '2024-11-13 14:57:18', NULL, 0),
(357, 43, 15000, '2024-11-13 14:57:44', NULL, 0),
(358, 43, 315000, '2024-11-13 14:58:00', NULL, 0),
(359, 43, 15000, '2024-11-13 15:01:30', NULL, 0),
(360, 43, 315000, '2024-11-13 15:01:44', NULL, 0),
(361, 43, 274000, '2024-11-17 02:10:06', NULL, 0),
(362, 43, 367000, '2024-11-17 02:29:23', NULL, 0),
(363, 43, 367000, '2024-11-17 02:35:37', NULL, 0),
(364, 43, 719000, '2024-11-17 02:39:06', NULL, 0),
(365, 43, 354000, '2024-11-17 02:39:49', NULL, 0),
(366, 43, 354000, '2024-11-17 02:40:41', NULL, 0),
(367, 43, 367000, '2024-11-17 02:47:48', NULL, 0),
(368, 43, 341000, '2024-11-17 02:48:44', NULL, 0),
(369, 43, 215000, '2024-11-17 02:54:36', NULL, 0),
(370, 43, 341000, '2024-11-17 03:04:40', NULL, 0),
(371, 43, 274000, '2024-11-17 04:28:17', NULL, 0),
(372, 43, 341000, '2024-11-17 04:35:05', NULL, 0),
(373, 43, 367000, '2024-11-17 04:43:22', NULL, 0),
(374, 43, 15000, '2024-11-17 04:43:46', NULL, 0),
(375, 43, 367000, '2024-11-17 04:47:10', NULL, 0),
(376, 43, 367000, '2024-11-17 06:40:38', NULL, 0),
(377, 43, 367000, '2024-11-17 06:42:24', NULL, 0),
(378, 43, 367000, '2024-11-17 06:45:18', NULL, 0),
(379, 43, 215000, '2024-11-17 06:46:47', NULL, 0),
(380, 43, 367000, '2024-11-17 06:48:27', NULL, 0),
(381, 43, 367000, '2024-11-17 06:52:21', NULL, 0),
(383, 43, 367000, '2024-11-17 06:53:03', NULL, 0),
(385, 43, 415000, '2024-11-17 06:54:17', NULL, 0),
(386, 43, 0, '2024-11-17 06:54:31', NULL, 0),
(387, 43, 0, '2024-11-17 06:57:26', NULL, 0),
(388, 43, 235000, '2024-11-17 06:59:33', NULL, 0),
(389, 43, 354000, '2024-11-17 07:02:26', NULL, 0),
(390, 43, 0, '2024-11-17 07:02:40', NULL, 0),
(391, 43, 341000, '2024-11-17 07:05:16', NULL, 0),
(392, 43, 0, '2024-11-17 07:05:31', NULL, 0),
(393, 43, 174000, '2024-11-17 07:09:23', NULL, 0),
(394, 43, 174000, '2024-11-17 07:10:05', NULL, 0),
(395, 43, 174000, '2024-11-17 07:11:58', NULL, 0),
(396, 43, 174000, '2024-11-17 07:12:17', 0, 1),
(397, 43, 117000, '2024-12-06 14:22:42', NULL, 0),
(398, 43, 117000, '2024-12-06 14:23:05', NULL, 0),
(399, 43, 117000, '2024-12-06 14:23:21', NULL, 0),
(400, 43, 174000, '2024-12-06 14:50:44', NULL, 0),
(401, 43, 174000, '2024-12-06 14:51:03', NULL, 0),
(402, 43, 127000, '2024-12-06 14:53:28', NULL, 0),
(403, 43, 127000, '2024-12-06 14:53:43', NULL, 0),
(404, 43, 117000, '2024-12-06 14:56:30', NULL, 0),
(405, 43, 266000, '2024-12-06 15:07:36', NULL, 0),
(406, 43, 127000, '2024-12-06 15:16:08', NULL, 0),
(407, 43, 25000, '2024-12-06 15:21:40', NULL, 0),
(408, 43, 25000, '2024-12-06 15:22:03', NULL, 0),
(409, 43, 25000, '2024-12-06 15:24:40', NULL, 0),
(410, 43, 117000, '2024-12-08 14:50:03', NULL, 0),
(411, 43, 202000, '2024-12-10 14:57:10', NULL, 0),
(414, 44, 117000, '2024-12-14 04:04:25', 0, 1),
(415, 44, 2423000, '2024-12-14 04:31:57', 0, 1),
(416, 30, 215000, '2024-12-14 04:43:21', NULL, 0);

-- --------------------------------------------------------

--
-- Table structure for table `khachhang`
--

CREATE TABLE `khachhang` (
  `id` int(10) UNSIGNED NOT NULL,
  `ten_kh` varchar(191) NOT NULL,
  `hinh_anh` varchar(255) NOT NULL,
  `ten_dangnhap` varchar(191) NOT NULL,
  `mat_khau` varchar(191) NOT NULL,
  `email` varchar(191) NOT NULL,
  `dia_chi` varchar(191) NOT NULL,
  `phone` varchar(15) NOT NULL,
  `ngay_tao` timestamp NOT NULL DEFAULT current_timestamp(),
  `ngay_sua` timestamp NOT NULL DEFAULT current_timestamp(),
  `tong_tien_muahang` int(11) NOT NULL,
  `trangthai` tinyint(1) NOT NULL,
  `reset_code` varchar(255) DEFAULT NULL
) ENGINE=InnoDB DEFAULT CHARSET=utf8 COLLATE=utf8_unicode_ci;

--
-- Dumping data for table `khachhang`
--

INSERT INTO `khachhang` (`id`, `ten_kh`, `hinh_anh`, `ten_dangnhap`, `mat_khau`, `email`, `dia_chi`, `phone`, `ngay_tao`, `ngay_sua`, `tong_tien_muahang`, `trangthai`, `reset_code`) VALUES
(1, 'Nguyen Van P', '', 'user123', '12345', 'BBBBbbb@gmail.com', '321 Đồng Văn Cống, Quận 2', '098999999', '2021-05-10 14:12:04', '2021-05-10 12:35:47', 1042850, 1, NULL),
(2, 'Nguyen Van A', '', 'user1234', '123456', 'wewewew@gmail.com', '99 An Dương Vương, phường 16, quận 8, Thành phố Hồ Chí Minh', '0985123131', '2021-05-10 14:17:13', '2021-05-10 12:58:31', 575700, 1, NULL),
(3, 'Phan Hữu Cường', '', 'abcdef', 'abcdef', 'abdc@gmail.com', 'Đồng Nai', '0969295720', '2021-05-11 03:38:01', '2021-05-14 07:10:19', 2266050, 1, NULL),
(4, 'Phạm Nguyên', '', 'nguyen123', '124532', 'nugyen_pham123@yahoo.com', 'Huyện Nhà Bè, TP. Hồ Chí Minh', '075472323', '2021-05-11 03:40:51', '2021-05-10 22:12:47', 372500, 0, NULL),
(5, 'Tấn Trọng Bùi', '', 'buitan', '12345', 'ngocbau2015tqk@gmail.com', '99 An Dương Vương, phường 16, quận 8, Thành phố Hồ Chí Minh', '0969295720', '2021-05-12 09:15:51', '2021-05-12 11:15:12', 306900, 0, NULL),
(6, 'Nguyễn Ngọc Báu', '', 'admin', 'admin', 'ngocbau2015tqk@gmail.com', 'Tx. Ninh Hòa, Tỉnh KHánh Hòa', '0969295720', '2021-05-12 10:23:23', '2021-05-14 08:39:09', 2322794, 0, NULL),
(7, 'Bùi Tấn Âu', '', 'aubui17', '1234567', 'aubui17@gmail.com', '99 An Dương Vương, P16, Q8, Tp.HCM', '0387070222', '2021-05-12 10:25:12', '2021-05-13 13:24:39', 433600, 0, NULL),
(8, 'Nguyeenx Thij P', '', '4tgsgs', 'ư36tgsd', 'wrwrewrw@bgt', 'wrwrwrwrwrw', '0014245683', '2021-05-13 10:41:49', '2021-05-13 14:11:25', 200000, 0, NULL),
(9, '', '', 'abcbdfe', '123456', '575@dfdfdf.c', '', '6786786333', '2021-05-13 13:46:31', '2021-05-13 13:46:31', 408950, 0, NULL),
(10, '', '', 'asdfg', 'asdfg', 'abcs@gmail.com', '', '0969295720', '2021-05-15 02:51:36', '2021-05-15 02:51:36', 115000, 0, NULL),
(11, '', '', 'viet', '123', 'vietqv2002@gmail.com', '', '0563183249', '2023-11-13 05:05:59', '2023-11-13 05:05:59', 0, 0, NULL),
(12, '', '', 'quocviet', '12345', 'qv2002@gmail.com', '', '0358881702', '2023-11-13 15:51:12', '2023-11-13 15:51:12', 0, 0, NULL),
(13, '', '', 'tu1', '123456', 'phamthanhtu12309@gmail.com', '', '0386685845', '2023-11-16 02:50:11', '2023-11-16 02:50:11', 3934000, 0, 'a00f6d54e718ad7b9dd579b3c6ea1a2e'),
(22, '', '', '12345', '1111', 'lethithanhnha123019119@gmail.com', '', '1234567891', '2023-12-03 21:49:19', '2023-12-03 21:49:19', 0, 0, NULL),
(23, '', '', '1111', '123456', 'lethithanhnha1230199@gmail.com', '', '0386685845', '2023-12-10 02:20:40', '2023-12-10 02:20:40', 0, 0, NULL),
(29, '', '', '1111111111', '123456', 'phamthanhtu123019@gmail.xn--cm-5ja', 'gò vấp', '0386685845', '2023-12-10 11:38:55', '2023-12-10 11:38:55', 0, 0, NULL),
(30, '', '', 'thanhtu1', '123456', 'phamthanhtu1230119@gmail.com', 'gò vấp', '0386685845', '2023-12-10 11:40:29', '2023-12-10 11:40:29', 215000, 0, NULL),
(31, '', '', 'tttttttttttt', '123456', 'lethithanhnha123019219@gmail.co', 'gò vấp', '0123456789', '2023-12-10 11:59:49', '2023-12-10 11:59:49', 0, 0, NULL),
(33, '', '', '11111', '123456', '111@gmail.com', 'gò vấp', '0386685846', '2023-12-10 12:06:06', '2023-12-10 12:06:06', 0, 0, NULL),
(34, '', '', '1111444', '123456', 'thanhtu@gmail.com', 'goo', '0299999999', '2023-12-10 12:07:48', '2023-12-10 12:07:48', 0, 0, NULL),
(36, '', '', 'adakdjhagtyd', 'adadada', 'phamthanhtu121113019@gmail.com', 'gò vấp', '0386685845', '2023-12-15 12:14:38', '2023-12-15 12:14:38', 0, 0, NULL),
(37, '', '', 'admin1', '12345', 'lethithanhnha1230919@gmail.com', 'gò vấp', '0386685846', '2024-03-17 06:01:06', '2024-03-17 06:01:06', 1826000, 0, NULL),
(38, 'Pham Duc Manh', '', 'phamducmanh', 'phamducmanh1', 'phamducmanh240693@gmail.com', '241/2 Đường số 1, Phường 11, Gò Vấp, Thành phố Hồ Chí Minh', '0383363223', '2024-03-17 14:56:01', '2024-05-27 06:24:17', 41328000, 0, NULL),
(39, '', '', 'tu123', '12345', 'phamducmanh240693@gmail.com', '241/2 Đường số 1, Phường 11, Gò Vấp, Thành phố Hồ Chí Minh', '0383363223', '2024-05-04 02:45:06', '2024-05-04 02:45:06', 2122000, 0, NULL),
(40, 'Bùi Thị Trúc Mai', '', 'trucmai', 'trucmai123', 'maitrucc2k3@gmail.com', '241/2 Đường số 1, Phường 11, Gò Vấp, Thành phố Hồ Chí Minh', '0877664431', '2024-05-19 17:17:45', '2024-05-19 17:31:18', 745000, 0, NULL),
(42, '', '', 'phamducmanh156', 'phamducmanh1', 'manh0906031@gmail.com', '217/2 Street 8, Ward 11, Go Vap District, Ho Chi Minh City', '0919100100', '2024-05-25 08:46:04', '2024-05-25 08:46:04', 367000, 0, NULL),
(43, 'Phạm Đức Mạnh', '', 'manhadmin', 'phamducmanh1', 'phamducmanh@gmail.com', 'Quang trung', '0383363223', '2024-10-30 15:04:12', '2024-12-06 15:49:26', 22636000, 0, NULL),
(44, 'Phạm Đức Mạnh', '', 'phamducmanhh', '123456', 'ducmanh1701@gmail.com', 'Gò Vấp', '0383363223', '2024-12-14 00:31:44', '2024-12-14 00:05:58', 2774000, 0, NULL);

-- --------------------------------------------------------

--
-- Table structure for table `nhacungcap`
--

CREATE TABLE `nhacungcap` (
  `id` int(10) UNSIGNED NOT NULL,
  `ten_ncc` varchar(255) NOT NULL,
  `email` varchar(100) NOT NULL,
  `web_site` varchar(255) NOT NULL,
  `logo` varchar(255) NOT NULL,
  `phone` varchar(15) NOT NULL,
  `ngay_tao` timestamp NOT NULL DEFAULT current_timestamp(),
  `ngay_sua` timestamp NOT NULL DEFAULT current_timestamp()
) ENGINE=InnoDB DEFAULT CHARSET=utf8 COLLATE=utf8_unicode_ci;

--
-- Dumping data for table `nhacungcap`
--

INSERT INTO `nhacungcap` (`id`, `ten_ncc`, `email`, `web_site`, `logo`, `phone`, `ngay_tao`, `ngay_sua`) VALUES
(1, 'Công Ty Hasaki', 'Hasaki@gmail.com', '', '', '0932898324', '2023-11-15 10:28:52', '2023-11-15 10:28:52'),
(2, 'Công Ty Loreal', 'Loreal@gmail.com', '', '', '091234567', '2023-11-15 10:30:31', '2023-11-15 10:30:31'),
(3, 'Công Ty La Roche-Posay', 'Posay@gmail.com', '', '', '0924892442', '2023-11-15 10:31:44', '2023-11-15 10:31:44'),
(4, 'Công ty mỹ phẩm Việt Nam Skina', 'Skina@gmail.com', '', '', '0924832442', '2023-11-15 10:32:56', '2023-11-15 10:32:56'),
(5, 'Simple', 'simple@urcvn.com', '', '', '0384832442', '2023-11-15 10:33:54', '2023-11-15 10:33:54'),
(6, 'Công ty Nhật SK-II', 'japan@gmail.com', '', '', '0384832442', '2023-11-12 17:50:19', '2023-11-12 17:50:19'),
(7, 'Klairs', 'klairs@mgail.com', '', '', '0924892442', '2023-11-13 02:24:32', '2023-11-13 02:24:32'),
(8, 'Cetaphil', 'CETAPHIL@gmail.com', '', '', '064534543423', '2023-11-13 02:24:32', '2023-11-13 02:24:32'),
(9, 'Cetaphil ', 'Cetaphil @gmail.com', '', '', '0924892442', '2023-11-13 02:35:24', '2023-11-13 02:35:24'),
(10, 'Sunplay', 'Sunplay@gmail.com', '', '', '064534543423', '2023-11-13 02:35:24', '2023-11-13 02:35:24'),
(11, 'Bioderma', 'bioderma@gmail.com', '', '', '054646332', '2023-11-13 02:36:52', '2023-11-13 02:36:52'),
(12, 'Channel', 'Channel@gmail.com', '', '', '0924832442', '2023-11-13 02:37:28', '2023-11-13 02:37:28'),
(13, 'Vichy', 'vichy@gmail.com', '', '', '046342435', '2023-11-13 02:37:28', '2023-11-13 02:37:28'),
(15, 'Eucerin', 'eucerin@gmail.com', '', '', '093434223', '2023-11-13 02:39:05', '2023-11-13 02:39:05'),
(16, 'YSL', 'ysl@gmail.com', '', '', '08953543333', '2023-11-13 02:40:48', '2023-11-13 02:40:48'),
(17, 'Celine', 'CLIENTSERVICE.EU@CELINE.COM', 'https://www.gucci.com/uk/en_gb/', 'cl1.png', '01 70 48 92 92', '2023-11-13 13:00:00', '2023-11-13 15:00:00'),
(18, 'Gucci', 'Gucci@gamil.com', '', 'dgdgdg', '05462542', '2023-11-13 02:42:00', '2023-11-13 02:42:00'),
(19, 'DIOR', 'dior@gmail.com', 'https://dior.com.vn', '', '0383332222', '2024-05-15 05:01:42', '2024-05-15 05:01:42');

-- --------------------------------------------------------

--
-- Table structure for table `nhanvien`
--

CREATE TABLE `nhanvien` (
  `id` int(10) UNSIGNED NOT NULL,
  `ten_nv` varchar(191) NOT NULL,
  `ten_dangnhap` varchar(191) NOT NULL,
  `mat_khau` varchar(191) NOT NULL,
  `phone` varchar(15) NOT NULL,
  `hinh_anh` varchar(255) NOT NULL,
  `email` varchar(191) NOT NULL,
  `ngay_tao` timestamp NOT NULL DEFAULT current_timestamp(),
  `ngay_sua` timestamp NOT NULL DEFAULT current_timestamp()
) ENGINE=InnoDB DEFAULT CHARSET=utf8 COLLATE=utf8_unicode_ci;

--
-- Dumping data for table `nhanvien`
--

INSERT INTO `nhanvien` (`id`, `ten_nv`, `ten_dangnhap`, `mat_khau`, `phone`, `hinh_anh`, `email`, `ngay_tao`, `ngay_sua`) VALUES
(1, 'Phạm Đức Mạnh', 'NV20007461', '12345', '0383363223', '4567', 'manh@gmail.com', '2021-05-12 15:32:29', '2021-05-12 15:32:29'),
(3, 'Phạm Thanh tú', 'nhanvien', '', '0383363223', '', 'phamducmanh240693@gmail.com', '2021-05-12 15:33:41', '2021-05-12 15:33:41');

-- --------------------------------------------------------

--
-- Table structure for table `phieunhap`
--

CREATE TABLE `phieunhap` (
  `id` int(10) UNSIGNED NOT NULL,
  `id_nv` int(10) UNSIGNED NOT NULL,
  `tong_tien` int(11) NOT NULL,
  `ngay_tao` timestamp NOT NULL DEFAULT current_timestamp(),
  `nguoi_nhan` varchar(50) NOT NULL,
  `sdt` int(11) NOT NULL,
  `diachi` varchar(50) NOT NULL,
  `ghichu` varchar(50) NOT NULL
) ENGINE=InnoDB DEFAULT CHARSET=utf8 COLLATE=utf8_unicode_ci;

--
-- Dumping data for table `phieunhap`
--

INSERT INTO `phieunhap` (`id`, `id_nv`, `tong_tien`, `ngay_tao`, `nguoi_nhan`, `sdt`, `diachi`, `ghichu`) VALUES
(2, 1, 275000, '2021-05-14 13:37:13', 'ABCDEF', 987654332, '23 fefdg ', 'test'),
(3, 1, 55000, '2021-05-14 14:10:15', 'ABCDEF', 987654332, '23 fefdg ', 'test'),
(4, 1, 110000, '2021-05-15 03:07:17', 'ABCDEF', 987654332, '23 fefdg ', 'test'),
(23, 1, 4062000, '2024-05-21 03:52:50', 'Công Ty Hasaki', 383332222, 'dasdas', '11'),
(24, 1, 17600000, '2024-05-21 03:54:11', 'ABCDEF', 383332222, '241/2 Đường số 1, Gò Vấp', 'ds'),
(25, 1, 3520000, '2024-05-27 06:13:28', 'ABCDF', 383332222, '241/2 Đường số 1, Gò Vấp', 'sản phẩm'),
(26, 1, 6520000, '2024-05-27 06:14:35', 'Pham Duc Manh', 383332222, '527/48 Phan Văn Trị, Gò vấp, TP.HCM', 'dsa'),
(27, 1, 17020000, '2024-05-30 11:16:50', 'ABCDEF', 383332222, '241/2 Đường số 1, Gò Vấp', 'dat hàng'),
(28, 1, 541000, '2024-11-17 08:10:13', 'Công Ty Hasaki', 383332222, '241/2 Đường số 1, Gò Vấp', '');

-- --------------------------------------------------------

--
-- Table structure for table `quyen`
--

CREATE TABLE `quyen` (
  `id` int(10) UNSIGNED NOT NULL,
  `ten_quyen` varchar(191) NOT NULL
) ENGINE=InnoDB DEFAULT CHARSET=utf8 COLLATE=utf8_unicode_ci;

--
-- Dumping data for table `quyen`
--

INSERT INTO `quyen` (`id`, `ten_quyen`) VALUES
(1, 'Quản trị viên'),
(2, 'Quản lý'),
(3, 'Nhân viên');

-- --------------------------------------------------------

--
-- Table structure for table `quyendahmuc`
--

CREATE TABLE `quyendahmuc` (
  `id_quyen` int(10) UNSIGNED NOT NULL,
  `id_danhmuc` int(10) UNSIGNED NOT NULL
) ENGINE=InnoDB DEFAULT CHARSET=utf8 COLLATE=utf8_unicode_ci;

--
-- Dumping data for table `quyendahmuc`
--

INSERT INTO `quyendahmuc` (`id_quyen`, `id_danhmuc`) VALUES
(4, 1),
(4, 2),
(6, 1),
(6, 2),
(6, 7),
(6, 8),
(1, 1),
(1, 2),
(1, 3),
(1, 4),
(1, 5),
(1, 6),
(1, 7),
(1, 8),
(1, 9),
(1, 10),
(1, 11),
(1, 12),
(1, 14),
(3, 2),
(3, 3),
(7, 1),
(7, 3),
(2, 2),
(2, 3),
(2, 4),
(2, 5),
(2, 7),
(2, 8),
(2, 9);

-- --------------------------------------------------------

--
-- Table structure for table `sanpham`
--

CREATE TABLE `sanpham` (
  `id` int(10) UNSIGNED NOT NULL,
  `ten_sp` varchar(191) NOT NULL,
  `don_gia` int(11) NOT NULL,
  `hinh_anh` varchar(255) NOT NULL,
  `noi_dung` varchar(191) NOT NULL,
  `id_the_loai` int(10) UNSIGNED NOT NULL,
  `id_nha_cc` int(10) UNSIGNED NOT NULL,
  `so_luong` tinyint(4) NOT NULL,
  `sl_da_ban` tinyint(4) NOT NULL,
  `ngay_tao` timestamp NOT NULL DEFAULT current_timestamp(),
  `ngay_sua` timestamp NOT NULL DEFAULT current_timestamp(),
  `trangthai` tinyint(1) NOT NULL,
  `qr_code` varchar(255) NOT NULL
) ENGINE=InnoDB DEFAULT CHARSET=utf8 COLLATE=utf8_unicode_ci;

--
-- Dumping data for table `sanpham`
--

INSERT INTO `sanpham` (`id`, `ten_sp`, `don_gia`, `hinh_anh`, `noi_dung`, `id_the_loai`, `id_nha_cc`, `so_luong`, `sl_da_ban`, `ngay_tao`, `ngay_sua`, `trangthai`, `qr_code`) VALUES
(1, 'Sữa rửa mặt CeraVe ', 352000, 'srm1.jpg', '    Sữa Rửa Mặt Cerave Sạch Sâu là sản phẩm sữa rửa mặt đến từ thương hiệu mỹ phẩm Cerave của Mỹ, với sự kết hợp của ba Ceramides thiết yếu, Hyaluronic Acid sản phẩm giúp làm sạch và giữ ẩm c', 1, 2, 41, 72, '2023-11-12 08:00:00', '0000-00-00 00:00:00', 0, ''),
(2, 'Sửa rửa mặt Simple', 102000, 'srm2.jpg', 'Sữa Rửa Mặt Simple Refreshing Facial Wash là sản phẩm sữa rửa mặt dạng gel dành cho mọi loại da nổi tiếng của thương hiệu mỹ phẩm Simple. Với công thức dịu nhẹ không chứa xà phòng cùng thành ', 1, 1, 16, 69, '2023-11-04 10:30:00', '0000-00-00 00:00:00', 0, ''),
(3, 'Sữa rửa mặt Cetaphil', 326000, 'srm3.jpg', 'Sữa Rửa Mặt Cetaphil Gentle Skin Cleanser phiên bản mới ra mắt năm 2022 từ thương hiệu Cetaphil với công thức khoa học mới cho làn da nhạy cảm, giúp làm sạch da, loại bỏ bụi bẩn, phù hợp cho ', 1, 3, 48, 39, '2023-11-08 05:00:00', '2023-11-12 01:40:00', 0, ''),
(4, 'Sữa rửa mặt Oribe', 339000, 'srm4.jpg', 'Sữa rửa mặt Oribe được biết đến khá phổ biến với công dụng hỗ trợ giúp làm sạch da khỏi bụi bẩn, vi khuẩn và dầu nhờn, giúp giảm mụn cho da, giúp da được sáng mịn.', 1, 4, 22, 31, '2023-11-12 10:00:00', '2023-11-12 10:00:00', 0, ''),
(5, 'Sửa rửa mặt Cosrx', 200000, 'srm5.jpg', 'Gel Rửa Mặt Cosrx Tràm Trà, 0.5% BHA Có Độ pH Thấp là dòng sữa rửa mặt đến từ thương hiệu mỹ phẩm Cosrx của Hàn Quốc, với độ pH lý tưởng 4.5 - 5.5 sản phẩm an toàn và dịu nhẹ trên mọi làn da ', 1, 5, 11, 40, '2023-11-12 08:00:00', '0000-00-00 00:00:00', 0, ''),
(6, 'Serum Garnier', 259000, 'Serum1.jpg', 'Serum Garnier Tăng Cường Sáng Da Mờ Thâm 30ml là sản phẩm tinh chất dưỡng da đến từ  thương hiệu mỹ phẩm Garnier của Pháp. Serum cô đặc nhưng thẩm thấu nhanh, không nhờn dính mang ', 3, 5, 1, 58, '2023-11-12 08:00:00', '0000-00-00 00:00:00', 0, ''),
(7, 'Serum GoodnDoc', 343000, 'serum4.jpg', 'Serum B5 Goodndoc Hydra dưỡng ẩm phục hồi. Cải thiện lỗ chân lông to, ức chế lão hóa da, cải thiện nếp nhăn. Giúp da luôn căng đầy sức sống, trẻ hóa và căng mịn da. Bảo vệ làn da của bạn khỏi', 3, 5, 29, 29, '2023-11-12 10:00:00', '2023-11-12 10:00:00', 0, ''),
(8, 'serum Eucerin', 1167000, 'serum2.jpg', ' Tinh Chất Eucerin Poreless Solution Pore Minimizer Serum 30ml là sản phẩm tinh chất dành cho da mụn mới ra mắt từ thương hiệu dược mỹ phẩm Eucerin của Đức, đặc biệt phù hợp với tình trạng lỗ', 3, 5, 20, 35, '2023-11-12 10:00:00', '0000-00-00 00:00:00', 0, ''),
(9, 'Kem chống nắng Fixderma', 273000, 'sp5.jpg', 'Kem Chống Nắng Fixderma Shadow SPF 50+ 75g là sản phẩm chống nắng dành cho da mặt & toàn thân đến từ thương hiệu mỹ phẩm Fixderma (USA). Công thức kết hợp màng lọc chống nắng vật lý và hóa ', 2, 5, 24, 27, '2023-11-13 03:25:00', '2023-11-13 03:32:00', 0, ''),
(10, 'Kem chống nắng Eucerin', 440000, 'sp3.jpg', 'Kem Chống Nắng Kiểm Soát Nhờn Eucerin Sun Gel Cream Acne Oil Control SPF 50+ PA+++ là sản phẩm chống nắng da mặt đến từ thương hiệu dược mỹ phẩm Eucerin, được thiết kế chuyên biệt dành cho da', 2, 5, 46, 6, '2023-11-13 03:30:00', '0000-00-00 00:00:00', 0, ''),
(11, 'Nước tẩy trang La RoChe-Posay', 349000, 'NTT3.jpg', 'Nước Tẩy Trang La Roche-Posay Micellar Water Ultra Sensitive Skin đến từ thương hiệu dược mỹ phẩm La Roche-Posay của Pháp là dòng sản phẩm tẩy trang dành cho da mặt', 5, 5, 41, 11, '2023-11-13 03:00:00', '2023-11-13 04:00:00', 0, ''),
(12, 'Kem chống nắng La Roche-Posay', 422000, 'sp1.jpg', 'Kem chống nắng La Roche-Posay Anthelios SPF50+ với công nghệ chống nắng phổ rộng giúp chống nắng, ngăn ngừa và bảo vệ da trước tác hại do tia UVB - UVA như sạm nám, lão hóa da, ngoài ra còn g', 2, 5, 48, 4, '2023-11-12 05:00:00', '2023-11-12 08:00:00', 0, ''),
(13, 'Kem chống nắng MartiDerm ', 900000, 'sp2.jpg', 'Kem Chống Nắng MartiDerm The Originals Proteos Screen SPF50+ Fluid Cream kem chống nắng dạng lỏng dễ hấp thụ với chỉ số SPF 50+ giúp ngăn ngừa và sửa chữa các dấu hiệu lão hoá da sớm. Sản phẩ', 2, 6, 49, 1, '2023-11-12 05:00:00', '2023-11-12 15:37:00', 0, ''),
(14, 'Nước hoa Gucci Flora', 200000, 'NH2.jpg', 'Được làm ngọt từ Hoa và các thức Trái cây nịnh mũi, nên Gucci Flora Gorgeous Gardenia không phải là một thứ mùi hương ngọt lịm quá trớn, mà thanh thoát, uyển chuyển và đồng thời cũng sở hữu n', 4, 6, 37, 13, '2023-11-12 14:00:00', '2023-11-12 14:00:00', 0, ''),
(15, 'Nước hoa Dior Joy', 300000, 'NH4.jpg', ' Nước Hoa Dior Joy Intense mang mùi hương hoa thơm ngất ngây, vẫn giữ mùi hương của Dior Joy nhưng dòng mới này hương thơm đậm hơn, nữ tính hơn và giữ mùi lâu hơn.', 4, 6, 48, 2, '2023-11-13 04:20:00', '2023-11-13 04:30:00', 0, ''),
(17, 'Serum Vichy', 490000, 'serum3.jpg', 'Serum Vichy Minéral 89 Daily Booster là một loại tinh chất dưỡng da được sản xuất bởi thương hiệu mỹ phẩm nổi tiếng Vichy của Pháp. Serum này chứa thành phần chính là nước khoáng Vichy và axi', 3, 6, 50, 0, '2023-11-12 08:28:00', '2023-11-12 08:28:00', 0, ''),
(18, 'Nước Hoa YSL Y ', 300000, 'NH3.jpg', 'Nước hoa YSL Y EDP lấy cảm hứng từ một người đàn ông mặc sơ mi trắng cùng áo khoác màu đen, nam tính, mạnh mẽ và cuốn hút. ', 4, 6, 42, 8, '2023-11-13 03:30:00', '2023-11-13 04:06:00', 0, ''),
(19, 'Nước hoa Channel Coco', 400000, 'NH1.jpg', 'Nước hoa Coco Mademoiselle Eau de Parfum của thương hiệu Chanel mở đầu bằng mùi hương tươi mát của Cam và Hoa cam hòa quyện cùng chút thanh chua của quả Quýt Hồng.  Coco Mademoiselle là hiện ', 4, 6, 45, 5, '2023-11-12 05:00:00', '0000-00-00 00:00:00', 0, ''),
(20, 'Nước tẩy trang Bioderma', 359000, 'NTT2.jpg', 'Nước Tẩy Trang Dành Cho Da Nhạy Cảm Bioderma Sensibio H2O là sản phẩm nước tẩy trang công nghệ Micellar đầu tiên trên thế giới', 5, 6, 44, 6, '2023-11-13 03:30:00', '2023-11-13 03:56:00', 0, ''),
(21, 'Serum Klairs', 286000, 'serum5.jpg', 'Serum Dear Klairs dưỡng sáng và đều màu da Freshly Juiced Vitamin Drop có thành phần chiết xuất từ Ascorbic Acid – là một loại dẫn xuất từ Vitamin C tinh khiết với hàm lượng 5% có tác dụng là', 3, 6, 48, 2, '2023-11-11 08:35:00', '2023-11-11 08:35:00', 0, ''),
(22, 'Nước tẩy trang L\'Oreal', 159000, 'NTT1.jpg', 'Nước Tẩy Trang L\'Oréal là dòng sản phẩm tẩy trang dạng nước đến từ thương hiệu L\'Oreal Paris, được ứng dụng công nghệ Micellar dịu nhẹ giúp làm sạch da, lấy đi bụi bẩn, dầu thừa và cặn trang ', 5, 6, 43, 7, '2023-11-13 03:11:49', '2023-11-13 03:51:39', 0, ''),
(23, 'Nước tẩy trang simple Toner', 150000, 'NTT4.jpg', 'Nước Cân Bằng Làm Dịu Da Mặt Simple loại bỏ mọi chất kiềm sót lại sau khi rửa mặt, giúp cân bằng lại độ pH tự nhiên của da. Thích hợp cho da nhạy cảm. Bạn có nhận thấy màu sắc của chai sản ph', 5, 6, 43, 7, '2023-10-28 02:11:49', '0000-00-00 00:00:00', 0, ''),
(24, 'Kem chống nắng Skin Aqua', 299000, 'sp4.jpg', 'Sữa Chống Nắng Sunplay Skin Aqua Clear White SPF50+ PA++++ là dòng sản phẩm chống nắng cho da mặt đến từ thương hiệu chống nắng Sunplay Skin Aqua, ứng dụng công nghệ CHỐNG NẮNG - GIỮ ẨM đột p', 2, 6, 49, 1, '2023-11-13 03:31:00', '2023-11-13 03:31:20', 0, ''),
(25, 'Nước tẩy trang Garnier', 139000, 'NTT5.jpg', 'Nước Tẩy Trang Garnier Micellar Cleansing Water là dòng sản phẩm tẩy trang nổi tiếng đến từ thương hiệu Garnier của Pháp, sử dụng công nghệ Micelles (Micellar Technology) có chứa các phân tử ', 5, 6, 49, 1, '2023-10-28 02:11:49', '2023-11-12 02:11:49', 0, ''),
(26, 'Kem Chống Nắng Innisfree', 220000, 'kemCN.jpg', 'Innisfree là một thương hiệu mỹ phẩm đã quá quen thuộc với phái đẹp. Dù là kem dưỡng da hay mỹ phẩm trang điểm thì Innisfree vẫn luôn là sự lựa chọn hàng đầu của những tín đồ làm đẹp. ', 2, 7, 33, 17, '2023-11-15 05:26:46', '2023-11-15 06:00:00', 0, ''),
(27, 'Kem Chống Nắng Caryophy ', 284000, 'kcnn.jpg', ' Kem Chống Nắng Caryophy là sản phẩm chống nắng da mặt mới ra mắt, giúp giải quyết hầu hết các vấn đề mà làn da cần: chống nắng dưỡng ẩm ngừa mụn, tất cả trong một sản phẩm duy nhất.', 2, 7, 8, 8, '2023-11-15 02:26:46', '0000-00-00 00:00:00', 0, ''),
(28, 'Gel tẩy tế bào chết Rosette Nhật Bản', 135000, 'tayTBC.jpg', 'Gel tẩy tế bào chết Rosette Nhật Bản là sản phẩm nổi tiếng giàu các loại axit trái cây vừa tẩy tế bào chết an toàn vừa tăng cường độ ẩm cần thiết cho da', 6, 8, 45, 5, '2023-11-13 02:31:10', '2023-11-13 02:31:10', 0, ''),
(29, 'Kem Chống Nắng La Prairie Cellular', 2000000, 'kemchongNang.jpg', 'Kem chống nắng La Prairie Cellular Swiss được thiết kế để sử dụng thay cho kem dưỡng ẩm. Sản phẩm đóng vai trò như tấm màn bảo vệ vũng chắc khỏi tia UVA, UVB và các tác nhân gây hại từ môi tr', 2, 8, 47, 3, '2021-05-13 02:31:10', '2021-05-13 02:31:10', 0, ''),
(31, 'Kem Chống Nắng Hatomugi', 93000, '1enter.jpg', 'Reihaku Hatomugi UV Milky Gel là dòng sản phẩm kem chống nắng dành cho da mặt và toàn thân đến từ thương hiệu mỹ phẩm Hatomugi của Nhật Bản', 2, 10, 48, 2, '2023-11-13 02:44:00', '2023-11-13 02:44:00', 0, ''),
(33, 'Kem Nền MAC Studio', 187000, 'knn.jpg', 'Kem Nền MAC Studio Fix Fluid SPF 15 Fond De Teint SPF 15 là kem nền dạng lỏng với công thức đặc biệt có khả năng kiềm dầu cực kì cao', 6, 11, 46, 4, '2023-11-13 02:46:26', '2023-11-13 02:46:26', 0, ''),
(34, 'Nước Hoa Nữ Versace Bright Crystal', 1500000, 'nnnn.jpg', 'Nước Hoa Nữ Versace Bright Crystal EDT Bright Crystal Eau de Toilette Spray là sản phẩm đến từ thương hiệu Versace nổi tiếng toàn thế giới.', 4, 13, 49, 1, '2023-11-14 02:48:48', '2023-11-15 10:44:01', 0, ''),
(35, 'Nước hoa Victoria’s Secret', 950000, 'NuocHoa.jpg', 'Victoria’s Secret Bombshell ra đời với thông điệp mang đến sự trẻ trung, tôn lên nét xinh đẹp của mọi cô gái. ', 4, 13, 46, 4, '2023-10-10 02:48:48', '2023-10-13 02:48:48', 0, ''),
(36, 'Nước Hoa Nam Charme', 965000, 'NHT5.jpg', 'Nước hoa Charme Boss mang hương thơm độc quyền, không giống bất cứ tone mùi nào. Chính vì vậy, nếu bạn có đam mê sưu tầm nước hoa thì hãy sở hữu cho mình chai nước hoa này nhé', 4, 13, 42, 8, '2021-05-13 02:52:03', '2021-05-13 02:52:03', 0, ''),
(37, 'Nước Hoa Chanel jean', 1051000, 'nhh.jpg', 'Nước Hoa Nữ Versace Bright Crystal EDT Bright Crystal Eau de Toilette Spray là sản phẩm đến từ thương hiệu Versace nổi tiếng toàn thế giới.', 4, 12, 48, 2, '2023-11-13 02:52:54', '2023-11-13 02:52:54', 0, ''),
(38, 'Nước Hoa Nam Charme', 799000, 'NHT5.jpg', '  Nước hoa Charme Boss mang hương thơm độc quyền, không giống bất cứ tone mùi nào. Chính vì vậy, nếu bạn có đam mê sưu tầm nước hoa thì hãy sở hữu cho mình chai nước hoa này nhé', 4, 16, 49, 1, '2023-11-15 02:52:54', '0000-00-00 00:00:00', 0, ''),
(39, 'Nước hoa Celine Rimbaud 100ml', 333555, 'clnn.jpg', ' Rimbaud của Celine là một loại nước hoa dành cho phụ nữ và nam giới. Rimbaud được ra mắt vào năm 2022.', 4, 16, 47, 3, '0000-00-00 00:00:00', '0000-00-00 00:00:00', 0, ''),
(40, 'Nước hoa Celline Black', 900000, 'NH5.jpg', ' Black Tie EDP được tạo kiểu như một chiếc áo khoác dạ tiệc, gỗ tuyết tùng và rêu cây tạo nên vẻ quyến rũ của nó, trong khi lớp phấn phủ của hoa diên vĩ gây rắc rối cho cơ thể và tâm trí.', 4, 17, 49, 1, '2023-11-13 02:55:21', '0000-00-00 00:00:00', 0, ''),
(41, 'Kem Dưỡng Ẩm Neutrogena', 269000, 'kemduong.jpg', 'Kem Dưỡng Ẩm Neutrogena Hydro Boost Water Gel 50g là kem dưỡng ẩm đến từ thương hiệu mỹ phẩm Neutrogena của Mỹ', 6, 17, 49, 1, '2023-11-13 02:55:21', '2023-11-13 02:55:21', 0, ''),
(42, 'Son dưỡng môi Laneige Lip ', 75000, 'son.jpg', 'Kem dưỡng môi Laneige Lip Sleeping Mask được đánh giá cao về khả năng dưỡng ẩm và làm mềm môi ngoài ra còn giúp cải thiện tình trạng khô, nứt nẻ mang đến một đôi môi căng bóng và hồng hào.', 6, 18, 50, 0, '2023-05-13 02:58:47', '2023-11-15 03:30:00', 0, ''),
(43, 'Mặt Nạ Giấy INNISFREE', 19000, 'mng.jpg', 'Mặt Nạ Giấy Innisfree bao gồm 18 loại chiết xuất từ những nguyên liệu thiên nhiên khác nhau, cung cấp độ ẩm và dưỡng chất cần thiết đối với từng loại da và các vấn đề khác nhau của da.', 6, 18, 56, 0, '2023-11-13 02:59:52', '2023-11-13 03:59:52', 0, ''),
(44, 'Bông tẩy trang Ipek siêu mềm mịn ', 43000, 'btt.jpg', 'Bông tẩy trang Ipek với công nghệ sản xuất tiên tiến giúp tẩy trang và làm sạch mọi bụi bẩn bám trên da bằng nước sạch, nước tẩy trang hay nước hoa hồng chăm sóc da.', 6, 18, 50, 0, '2023-11-15 02:59:52', '2023-11-15 03:59:52', 0, ''),
(46, 'Nước tẩy trang Nivea Pearl White', 180000, 'ntttt.jpg', 'Nước Tẩy Trang Nivea Làm Sáng Da Pearl White Micellar Water 400Ml \r\nNước Tẩy Trang Nivea Sáng Da \r\nCho Da Thường Và Khô\r\n', 5, 15, 44, 6, '2021-05-13 03:14:08', '2021-05-13 03:14:08', 0, ''),
(47, 'Sữa Rửa Mặt Some By Mi Acne ', 235000, 'thbh.jpg', 'Sữa Rửa Mặt Some By Mi Acne Cho Da Mụn 100ml, các hoạt chất trên đem lại khả năng làm sạch và ngừa mụn vô cùng đáng nể.\r\n\r\n', 1, 1, 51, 0, '2023-11-13 06:54:46', '2023-11-13 06:54:46', 0, ''),
(48, 'Sữa rửa mặt Acne-Aid Liquid Cleanser', 175000, 'Vietttjpg', 'Sữa rửa mặt Acne-Aid Liquid Cleanser làm sạch da dịu nhẹ, giúp loại bỏ dầu cho da. Thích hợp sử dụng hàng ngày, đặc biệt cho da dầu và mụn.', 1, 1, 50, 0, '2023-11-13 06:57:07', '2023-11-13 06:57:07', 0, ''),
(49, 'Sữa rửa mặt bọt Hada Labo Gokujyun', 160000, 'grande.jpg', 'Sữa rửa mặt tạo bọt Hada Labo của Rohto Nhật Bản được thiết kế dạng tạo bọt sẵn tiện lợi giúp cho làn da sạch sâu tận lỗ sâu chân lông ', 1, 1, 127, 2, '2023-11-13 07:04:34', '2023-11-13 07:04:34', 0, ''),
(50, 'Sữa rửa mặt Reihaku Hatomugi', 190000, 'srm7.jpg', 'Sữa rửa mặt Hatomugi ngừa mụn, dưỡng ẩm và làm sáng da Reihaku Hatomugi Acne Care & Facial Washing 130g chứa các thành phần dưỡng ẩm tự nhiên chiết xuất từ hạt Ý dĩ', 1, 1, 51, 0, '2023-10-13 07:07:57', '2023-10-13 07:07:57', 0, ''),
(52, 'Sữa Rửa Mặt Elbon', 260000, 'srm11.jpg', 'Dù dùng mỹ phẩm đắt tiển cỡ nào, nếu dùng không đúng cách bạn vẫn không đạt được kết quả như mong muốn. ', 1, 3, 50, 0, '2023-10-14 13:20:29', '0000-00-00 00:00:00', 0, ''),
(65, 'Son dưỡng Dior Addict Lip Maximizer 001 Pink 6ml', 635000, 'son-duong-dior-addict-lip-maximizer-001-pink.jpg', ' aaaa', 9, 19, 9, 2, '2024-05-15 10:25:13', '0000-00-00 00:00:00', 0, ''),
(70, 'Son Kem Lì Black Rouge Creamy Matt Rouge', 150000, 'son-black-rouge-cream-matte-rouge.jpg', 'Son kem lỳ Black Rouge\r\n- Chất son: mềm, mịn, mướt, bền màu lâu, không gây cảm giác nứt nẻ khô môi \r\n- Đầu cọ được thiết kế tối ưu phù hợp giúp lấy ra một lượng son vừa đủ tán đều trên môi\r\n-', 9, 19, 2, 3, '2024-05-15 13:23:18', '0000-00-00 00:00:00', 0, ''),
(71, 'Son Dior Rouge Dior', 620000, 'son-dior-rouge-888.jpg', 'Son Dior Rouge 888 Strong Matte\r\n- Giữ mầu son trên môi rất lâu, bền bỉ cả ngày dài.\r\n- Mang lại đôi môi vô cùng rạng rỡ, quyến rũ và gợi cảm.\r\n- Màu sắc tuyệt đẹp, quyến rũ, sang trọng, than', 9, 19, 2, 0, '2024-05-15 13:25:34', '2024-05-15 13:25:34', 0, ''),
(73, 'Son Burberry Kisses', 700000, 'son-burberry-kisses-73-bright-coral.jpg', 'Với độ dưỡng ẩm cao, chất son satin mịn màng như bơ giúp tăng độ lên màu sẽ mang đến cho bạn đôi môi mềm mại và gợi cảm nhất, bạn sẽ không lo môi bị thâm bị nếp hay màu bị bột nặng môi khắc p', 9, 2, 19, 1, '2024-05-15 13:57:35', '2024-05-15 13:57:35', 0, ''),
(82, 'Son 3CE Cloud Lip Tint', 189000, 'OIP (1).jpg', 'Chi tiết sản phẩm\r\nTên sản phẩm: 3CE Blur Water Tint\r\n\r\nChất son: Son kem lì\r\n\r\nDung tích: 4.6g\r\n\r\nThương hiệu: 3CE\r\n\r\n3CE là tên viết tắt của 3 Concept Eyes, là thương hiệu mỹ phẩm Hàn Quốc ', 9, 19, 21, 0, '2024-12-13 16:04:11', '2024-12-13 16:04:11', 0, '');

-- --------------------------------------------------------

--
-- Table structure for table `taikhoang`
--

CREATE TABLE `taikhoang` (
  `trang_thai` tinyint(4) NOT NULL,
  `id_quyen` int(10) UNSIGNED NOT NULL,
  `username` varchar(50) NOT NULL,
  `pass` varchar(50) NOT NULL,
  `fullname` varchar(50) NOT NULL
) ENGINE=InnoDB DEFAULT CHARSET=utf8 COLLATE=utf8_unicode_ci;

--
-- Dumping data for table `taikhoang`
--

INSERT INTO `taikhoang` (`trang_thai`, `id_quyen`, `username`, `pass`, `fullname`) VALUES
(0, 1, 'manhadmin', 'phamducmanh1', 'Phạm Đức Mạnh'),
(0, 2, 'manhquanly', '123456', 'Phạm Đức Mạnh'),
(0, 3, 'NV20007461', '123456', 'Phạm Đức Mạnh'),
(1, 6, 'quanlydonhang', '1111', 'NGUYEN VAN A'),
(1, 2, 'tu', '123456', 'Quản lý kho Thanh Tú'),
(0, 3, 'tunhanvien', '123456', 'Phạm Thanh Tú');

-- --------------------------------------------------------

--
-- Table structure for table `tbl_baiviet`
--

CREATE TABLE `tbl_baiviet` (
  `id_baiviet` int(11) NOT NULL,
  `tenbaiviet` varchar(255) NOT NULL,
  `tomtat` mediumtext NOT NULL,
  `noidung` longtext NOT NULL,
  `id_danhmuc` int(11) NOT NULL,
  `tinhtrang` varchar(10) NOT NULL,
  `hinhanh` varchar(255) NOT NULL
) ENGINE=InnoDB DEFAULT CHARSET=utf8 COLLATE=utf8_general_ci;

--
-- Dumping data for table `tbl_baiviet`
--

INSERT INTO `tbl_baiviet` (`id_baiviet`, `tenbaiviet`, `tomtat`, `noidung`, `id_danhmuc`, `tinhtrang`, `hinhanh`) VALUES
(7, 'Thương hiệu mỹ phẩm Ayana ra mắt tại Việt Nam', 'Ayana mong muốn sẽ trở thành người bạn đồng hành của phụ nữ Việt trong hành trình chăm sóc sắc đẹp.', '<p>Ayana mong muốn sẽ trở th&agrave;nh người bạn đồng h&agrave;nh của phụ nữ Việt trong h&agrave;nh tr&igrave;nh chăm s&oacute;c sắc đẹp.</p>\r\n\r\n<p>C&ocirc;ng ty TNHH Mỹ phẩm Glubeauty Skin tổ chức lễ ra mắt thương hiệu Ayana tại thị trường Việt Nam v&agrave;o ng&agrave;y 28/11 tại trung t&acirc;m hội nghị quốc tế H&ugrave;ng Vương, H&agrave; Nội. Ayana l&agrave; thương hiệu mỹ phẩm đến từ H&agrave;n Quốc. Đơn vị nhập khẩu c&aacute;c sản phẩm của Ayana l&agrave; C&ocirc;ng ty TNHH Xuất nhập khẩu Kumgang Star, C&ocirc;ng ty Glubeauty Skin l&agrave; đơn vị ph&acirc;n phối độc quyền tại Việt Nam.</p>\r\n\r\n<p><img alt=\"Các khách mời tham dự sự kiện.\" src=\"https://i1-kinhdoanh.vnecdn.net/2023/01/07/DHA-9662-7892-1673079456.jpg?w=680&amp;h=0&amp;q=100&amp;dpr=1&amp;fit=crop&amp;s=YMg-g4DDkJwtrtUODrBlhw\" /></p>\r\n\r\n<p>C&aacute;c kh&aacute;ch mời tham dự sự kiện.</p>\r\n\r\n<p>G&oacute;p mặt trong sự kiện l&agrave; BS Trịnh Ngọc Thịnh - Nguy&ecirc;n Ph&oacute; gi&aacute;m đốc trung t&acirc;m Gi&aacute;o dục sức khỏe Sở Y Tế H&agrave; Nội v&agrave; &ocirc;ng Hyun Woo - Chuy&ecirc;n gia về sức khỏe sắc đẹp đến từ H&agrave;n Quốc. Ca sĩ Lương B&iacute;ch Hữu l&agrave; kh&aacute;ch mời đặc biệt của lễ ra mắt.</p>\r\n\r\n<p><img alt=\"Ca sĩ Lương Bích Hữu là một trong những khách mời của sự kiện.\" src=\"https://i1-kinhdoanh.vnecdn.net/2023/01/07/DHA-9656-1-6691-1673079456.jpg?w=680&amp;h=0&amp;q=100&amp;dpr=1&amp;fit=crop&amp;s=Si2013vYal6aOg3IRRN_7g\" /></p>\r\n\r\n<p>Ca sĩ Lương B&iacute;ch Hữu l&agrave; một trong những kh&aacute;ch mời của sự kiện.</p>\r\n\r\n<p>Tại sự kiện, C&ocirc;ng ty TNHH Mỹ phẩm Glubeauty Skin giới thiệu đến kh&aacute;ch h&agrave;ng c&aacute;c d&ograve;ng sản phẩm ch&iacute;nh của Ayana. Trọn bộ sản phẩm gồm: kem dưỡng da hỗ trợ x&oacute;a mờ vết n&aacute;m Ayana Anti - Melasma 24h Pro; kem dưỡng da Ayana Anti - Melasma Cream gi&uacute;p cấp ẩm, dưỡng trắng v&agrave; phục hồi da hư tổn; v&agrave; kem chống nắng Smart Sunscreen chứa dưỡng chất ngăn ngừa gốc tự do, tăng cường bảo vệ l&agrave;n da dưới t&aacute;c động của tia UV v&agrave; &aacute;nh s&aacute;ng xanh.</p>\r\n\r\n<p><img alt=\"Trọn bộ sản phẩm Ayana.\" src=\"https://i1-kinhdoanh.vnecdn.net/2023/01/07/DHA-9618-7071-1673079457.jpg?w=680&amp;h=0&amp;q=100&amp;dpr=1&amp;fit=crop&amp;s=fO1gg7unSuivYa_I637zAA\" /></p>\r\n\r\n<p>Trọn bộ sản phẩm Ayana.</p>\r\n\r\n<p>Theo C&ocirc;ng ty TNHH Mỹ phẩm Glubeauty Skin - đơn vị ph&acirc;n phối ch&iacute;nh thức của Ayana tại Việt Nam, trọn bộ sản phẩm Ayana sở hữu bộ ba tinh chất gồm: Arbutin, Morus Alba v&agrave; Hydrolyzed collagen. Những dưỡng chất n&agrave;y được sản xuất tr&ecirc;n c&ocirc;ng nghệ Hydrolysis của H&agrave;n Quốc. Do đ&oacute;, sản phẩm sẽ c&oacute; c&ocirc;ng dụng hỗ trợ chị em sở hữu l&agrave;n da trắng mịn v&agrave; căng mướt.</p>\r\n\r\n<p><img alt=\"Ông HyunWoo - Chuyên gia chăm sóc sức khỏe và sắc đẹp Hàn Quốc và bà Minh Hồng tại lễ ký kết chuyển giao thương hiệu.\" src=\"https://i1-kinhdoanh.vnecdn.net/2023/01/07/DHA-9759-7142-1673079457.jpg?w=680&amp;h=0&amp;q=100&amp;dpr=1&amp;fit=crop&amp;s=9vUxfmqA-lQ3iw9obI_P_Q\" /></p>\r\n\r\n<p>&Ocirc;ng HyunWoo - Chuy&ecirc;n gia chăm s&oacute;c sức khoẻ v&agrave; sắc đẹp H&agrave;n Quốc v&agrave; b&agrave; Minh Hồng tại lễ k&yacute; kết chuyển giao thương hiệu.</p>\r\n\r\n<p>B&agrave; B&ugrave;i Thị Minh Hồng &ndash; CEO C&ocirc;ng ty TNHH Mỹ phẩm Glubeauty Skin cho biết: &quot;Sự kiện ra mắt Ayana l&agrave; một dấu ấn đặc biệt trong sự ph&aacute;t triển của thương hiệu ở lĩnh vực chăm s&oacute;c sắc đẹp tại Việt Nam. Ch&uacute;ng t&ocirc;i mong muốn c&aacute;c sản phẩm của Ayana sẽ trở th&agrave;nh người bạn đồng h&agrave;nh c&ugrave;ng chị em trong h&agrave;nh tr&igrave;nh chăm s&oacute;c sắc đẹp&quot;.</p>\r\n\r\n<p>(Nguồn v&agrave; ảnh:&nbsp;<em>C&ocirc;ng ty TNHH Mỹ phẩm Glubeauty Skin</em>)</p>\r\n', 4, '1', '1715835433_DHA-9618-7071-1673079457.jpg'),
(8, 'Chuỗi làm đẹp Hasaki cán mốc 100 chi nhánh', 'Vào ngày 16/4, Hasaki sẽ khai trương chi nhánh thứ 100 tại số 304 Thống Nhất, Phường 16, Quận Gò Vấp với hàng ngàn ưu đãi.', '<p>TP HCMV&agrave;o ng&agrave;y 16/4, Hasaki sẽ khai trương chi nh&aacute;nh thứ 100 tại số 304 Thống Nhất, Phường 16, Quận G&ograve; Vấp với h&agrave;ng ng&agrave;n ưu đ&atilde;i.</p>\r\n\r\n<p>Theo đại diện chuỗi l&agrave;m đẹp Hasaki, sự kiện l&agrave; cột mốc đ&aacute;nh dấu bước ph&aacute;t triển của Hasaki sau 7 năm gia nhập &quot;đường đua&quot; mỹ phẩm.</p>\r\n\r\n<p>Tại c&aacute;c chi nh&aacute;nh Hasaki, sản phẩm được ph&acirc;n khu theo từng ng&agrave;nh h&agrave;ng: mỹ phẩm, chăm s&oacute;c da, chăm s&oacute;c cơ thể, nước hoa v&agrave; sức khỏe, gi&uacute;p người d&ugrave;ng dễ t&igrave;m kiếm. Hasaki ứng dụng c&ocirc;ng nghệ cao trong việc b&agrave;y tr&iacute; m&aacute;y check gi&aacute; gi&uacute;p kh&aacute;ch h&agrave;ng thuận tiện trong việc kiểm tra gi&aacute; v&agrave; th&ocirc;ng tin sản phẩm.</p>\r\n\r\n<p><img alt=\"Các chi nhánh của Hasaki luôn được sự đón nhận của giới trẻ.\" src=\"https://i1-kinhdoanh.vnecdn.net/2023/04/11/hasaki-1390-1681203065.png?w=680&amp;h=0&amp;q=100&amp;dpr=1&amp;fit=crop&amp;s=saY8aCxKVtJ8n64zFELo9g\" /></p>\r\n\r\n<p>C&aacute;c chi nh&aacute;nh của Hasaki lu&ocirc;n được sự đ&oacute;n nhận của giới trẻ.</p>\r\n\r\n<p>Nh&acirc;n dịp khai trương, chuỗi l&agrave;m đẹp chuẩn bị hơn 20.000 phần qu&agrave; ưu đ&atilde;i d&agrave;nh tặng cho tất cả c&aacute;c kh&aacute;ch h&agrave;ng khi đến trải nghiệm mua sắm, với tổng trị gi&aacute; l&ecirc;n đến 800 triệu đồng. C&aacute;c mặt h&agrave;ng ưu đ&atilde;i đến từ c&aacute;c thương hiệu chăm s&oacute;c sức khỏe v&agrave; sắc đẹp lớn m&agrave; Hasaki đang hợp t&aacute;c như: L&rsquo;Oreal, Maybelline, La Roche-Posay, Klairs, Vichy, Cerave, Eucerin, Bioderma, Cocoon, Estee Lauder, M.A.C, Skin1004, Vacosi, Rohto, Some By Mi, P&amp;G, Royal London, Bio-essence, 3CE, Garnier, Paula&rsquo;s Choice,...</p>\r\n\r\n<p>Cụ thể: 447 phần qu&agrave; x&ocirc;ng đất d&agrave;nh cho 447 kh&aacute;ch h&agrave;ng đầu ti&ecirc;n đến trải nghiệm mua sắm; gần 10.000 sản phẩm giảm gi&aacute; sốc 1.000 - 10.000 - 100.000 đồng v&agrave;o c&aacute;c khung giờ v&agrave;ng 8-12 giờ, 13-17 giờ, 18-22 giờ; hơn 4.000 phần qu&agrave; trị gi&aacute; 150.000 đồng cho kh&aacute;ch h&agrave;ng mua h&oacute;a đơn tr&ecirc;n 199.000 đồng tại chi nh&aacute;nh thứ 100; tặng 10 voucher Clinic &amp; Spa trị gi&aacute; 500.000 đồng d&agrave;nh cho 10 kh&aacute;ch h&agrave;ng đầu ti&ecirc;n đến trải nghiệm mua sắm.</p>\r\n\r\n<p><img alt=\"Hasaki kết hợp cùng 1.000 thương hiệu làm đẹp mang đến nhiều chương trình ưu đãi sốc.\" src=\"https://i1-kinhdoanh.vnecdn.net/2023/04/11/hasaki1-4704-1681203065.jpg?w=680&amp;h=0&amp;q=100&amp;dpr=1&amp;fit=crop&amp;s=5dwje-AVHQhvHxCISBIXzg\" /></p>\r\n\r\n<p>Hasaki kết hợp c&ugrave;ng 1.000 thương hiệu l&agrave;m đẹp mang đến nhiều chương tr&igrave;nh ưu đ&atilde;i sốc.</p>\r\n\r\n<p>Chi nh&aacute;nh thứ 100 cũng d&agrave;nh c&aacute;c ưu đ&atilde;i kh&aacute;c cho kh&aacute;ch h&agrave;ng như mặt nạ BNBG, Klairs, Cathy Doll, Foodaholic, Some By Mi,... gi&aacute; chỉ 1.000. Son 3CE, b&ocirc;ng tẩy trang Silcot, gel rửa mặt La Roche-Posay, serum mắt Balance Active Formula, nước tẩy trang Cocoon, son kem l&igrave; Black Rouge... gi&aacute; chỉ 10.000. Kem dưỡng ẩm Neutrogena, gel chống nắng Fixderma, phấn phủ Silkygirl, serum Some By Mi, kem chống nắng Klairs... gi&aacute; chỉ 100.000.</p>\r\n\r\n<p>Ngo&agrave;i chương tr&igrave;nh khuyến m&atilde;i trong ng&agrave;y khai trương 16/4, Hasaki c&ograve;n tiếp nối chuỗi tri &acirc;n kh&aacute;ch h&agrave;ng với &quot;Si&ecirc;u deal 7 ng&agrave;y&quot; sau khai trương từ 17-23/4 với nhiều ưu đ&atilde;i đồng gi&aacute; 1.000 đồng, 10.000 đồng, 100.000 đồng v&agrave; mua 1 tặng 1.</p>\r\n\r\n<p><img alt=\"Hasaki cán mốc 100 chi nhánh - 17 clinic tại 33 tỉnh thành sau 7 năm.\" src=\"https://i1-kinhdoanh.vnecdn.net/2023/04/11/hasaki2-4333-1681203065.jpg?w=680&amp;h=0&amp;q=100&amp;dpr=1&amp;fit=crop&amp;s=b17K4dUFFfbHg3YeybkChQ\" /></p>\r\n\r\n<p>Hasaki c&aacute;n mốc 100 chi nh&aacute;nh - 17 clinic tại 33 tỉnh th&agrave;nh sau 7 năm.</p>\r\n\r\n<p>Hasaki - chuỗi l&agrave;m đẹp ch&iacute;nh h&atilde;ng n&oacute;i &quot;kh&ocirc;ng&quot; với h&agrave;ng k&eacute;m chất lượng, 100% h&agrave;ng b&aacute;n ra được xuất h&oacute;a đơn đỏ, 100% sản phẩm c&oacute; đầy đủ tem nh&atilde;n phụ tiếng Việt, đền b&ugrave; 200% của cả Hasaki lẫn nh&atilde;n h&agrave;ng nếu ph&aacute;t hiện h&agrave;ng giả. Hasaki sở hữu 100 chi nh&aacute;nh l&agrave;m đẹp v&agrave; 17 chuỗi ph&ograve;ng kh&aacute;m da liễu Hasaki clinic tại 33 tỉnh th&agrave;nh tr&ecirc;n cả nước. C&aacute;c ph&ograve;ng kh&aacute;m chuy&ecirc;n c&aacute;c dịch vụ trị liệu da như trị mụn chuẩn y khoa, trị th&acirc;m sẹo, trẻ h&oacute;a da, dịch vụ thẩm mỹ cơ thể như triệt l&ocirc;ng Diode Laser, giảm mỡ, massage thư gi&atilde;n ... Đội ngũ b&aacute;c sĩ v&agrave; điều dưỡng c&oacute; kiến thức chuy&ecirc;n m&ocirc;n cao gi&uacute;p mang lại vẻ đẹp to&agrave;n diện cho chị em phụ nữ.</p>\r\n', 4, '1', '1715835339_hasaki-1390-1681203065.png'),
(9, 'Thương hiệu White Repe cam kết bảo vệ làn da cho phụ nữ Việt', 'White Repe đặt mục tiêu trở thành người bạn đồng hành để hoàn thiện vẻ đẹp bằng chính giá trị bên trong cho phụ nữ Việt.', '<p>White Repe đặt mục ti&ecirc;u trở th&agrave;nh người bạn đồng h&agrave;nh để ho&agrave;n thiện vẻ đẹp bằng ch&iacute;nh gi&aacute; trị b&ecirc;n trong cho phụ nữ Việt.</p>\r\n\r\n<p>White Repe do C&ocirc;ng ty TNHH Thương mại dịch vụ v&agrave; Xuất nhập khẩu RB Khải Ho&agrave;n ph&aacute;t triển v&agrave; ph&acirc;n phối. Những sản phẩm thuộc thương hiệu n&agrave;y được c&ocirc;ng ty hợp t&aacute;c v&agrave; nghi&ecirc;n cứu c&ugrave;ng c&aacute;c chuy&ecirc;n tại Nhật Bản.</p>\r\n\r\n<p><img alt=\"Quy trình sản xuất và công nghệ thực hiện được diễn ra tại Nhật Bản. Ảnh: RB Khải Hoàn\" src=\"https://i1-kinhdoanh.vnecdn.net/2023/07/04/d908209125b5f5ebaca4-3607-1688471794.jpg?w=680&amp;h=0&amp;q=100&amp;dpr=1&amp;fit=crop&amp;s=JBOoEQTGMzDU_zJxupdBEA\" /></p>\r\n\r\n<p>Quy tr&igrave;nh sản xuất v&agrave; c&ocirc;ng nghệ thực hiện được diễn ra tại Nhật Bản. Ảnh:&nbsp;<em>RB Khải Ho&agrave;n</em></p>\r\n\r\n<p>&Ocirc;ng Nguyễn Đ&igrave;nh Hải - Founder của White Repe ki&ecirc;m Gi&aacute;m đốc C&ocirc;ng ty RB Khải Ho&agrave;n cho biết: &quot;T&ocirc;i c&oacute; cơ hội hợp t&aacute;c với nhiều thương hiệu mỹ phẩm tr&ecirc;n thế giới v&agrave; nhận thấy c&aacute;c sản phẩm nhập khẩu lu&ocirc;n được phụ nữ tin tưởng v&agrave; sử dụng, đặc biệt l&agrave; c&aacute;c sản phẩm đến từ Nhật Bản. Ch&iacute;nh v&igrave; thế, t&ocirc;i đặt mục ti&ecirc;u tạo ra một thương hiệu mỹ phẩm chất lượng, nghi&ecirc;n cứu v&agrave; sử dụng c&ocirc;ng nghệ nước ngo&agrave;i phục vụ cho ph&aacute;i đẹp Việt. Sau 5 năm ấp ủ, White Repe đ&atilde; ra đời&quot;.</p>\r\n\r\n<p>Theo &ocirc;ng Hải, White Repe trong tiếng Nhật l&agrave; &quot;Hakusho&quot;, mang nghĩa l&agrave; tờ giấy trắng. N&oacute; tượng trưng cho sự trong s&aacute;ng, thuần khiết v&agrave; mỏng manh. C&ocirc;ng ty mong muốn thực hiện mục ti&ecirc;u l&agrave; người bạn đồng h&agrave;nh để ho&agrave;n thiện vẻ đẹp bằng ch&iacute;nh gi&aacute; trị b&ecirc;n trong cho phụ nữ Việt qua th&ocirc;ng điệp: &quot;Sống thật với bản th&acirc;n l&agrave; c&aacute;ch tạo n&ecirc;n vẻ đẹp ri&ecirc;ng&quot;.</p>\r\n\r\n<p><img alt=\"Trọn bộ sản phẩm White Repe. Ảnh: RB Khải Hoàn\" src=\"https://i1-kinhdoanh.vnecdn.net/2023/07/04/b05248cb4def9db1c4fe-3927-1688471794.jpg?w=680&amp;h=0&amp;q=100&amp;dpr=1&amp;fit=crop&amp;s=CHiGHHLzeCDivghQEnQAFA\" /></p>\r\n\r\n<p>Trọn bộ sản phẩm White Repe. Ảnh:&nbsp;<em>RB Khải Ho&agrave;n</em></p>\r\n\r\n<p>Trọn bộ sản phẩm White Repe gồm: gel tẩy tế b&agrave;o chế to&agrave;n th&acirc;n, kem dưỡng trắng da to&agrave;n th&acirc;n, gel tẩy tế b&agrave;o chết cho da mặt. Theo RB Khải Ho&agrave;n, những sản phẩm n&agrave;y đều sở hữu bảng th&agrave;nh phần dịu nhẹ từ thi&ecirc;n nhi&ecirc;n như l&otilde;i ng&ocirc;, chiết xuất men hoa hồng, collagen thủy ph&acirc;n chiết xuất từ v&acirc;y c&aacute; mập kết hợp c&ugrave;ng những th&agrave;nh phần dưỡng chất tốt cho da như NMN, Super Niacinamide... Sản phẩm được nghi&ecirc;n cứu, sản xuất tại Nhật Bản v&agrave; được gi&aacute;m s&aacute;t nghi&ecirc;m ngặt, đạt ti&ecirc;u chuẩn của ch&iacute;nh phủ Nhật.</p>\r\n\r\n<p><img alt=\"White Repe hướng đến những sản phẩm thiên nhiên với công dụng chăm sóc da từ sâu bên trong. Ảnh: RB Khải Hoàn\" src=\"https://i1-kinhdoanh.vnecdn.net/2023/07/04/8fa3f022f50625587c17-4646-1688471795.jpg?w=680&amp;h=0&amp;q=100&amp;dpr=1&amp;fit=crop&amp;s=vhumOGZh60Pt1vtHjB2CVQ\" /></p>\r\n\r\n<p>White Repe hướng đến những sản phẩm thi&ecirc;n nhi&ecirc;n với c&ocirc;ng dụng chăm s&oacute;c da từ s&acirc;u b&ecirc;n trong. Ảnh:&nbsp;<em>RB Khải Ho&agrave;n</em></p>\r\n\r\n<p>Theo RB Khải Ho&agrave;n, Super Niacinamide mang đến khả năng thẩm thấu cao, đặc biệt th&iacute;ch ứng với cấu tr&uacute;c xếp lớp lamellar của l&agrave;n da. Với cấu tạo tinh thể lỏng, c&aacute;c chuy&ecirc;n gia White Repe tại Nhật đ&atilde; nghi&ecirc;n cứu v&agrave; ph&aacute;t triển dưỡng chất n&agrave;y để ch&uacute;ng c&oacute; khả năng hấp thụ s&acirc;u v&agrave;o da; đồng thời, giữ cho l&agrave;n da khỏe mạnh, săn chắc v&agrave; ngậm nước. Nhờ được g&oacute;i gọn trong cấu tr&uacute;c tinh thể lỏng lamellar, Super Niacinamide c&ograve;n hỗ trợ trong việc chống l&atilde;o h&oacute;a da, gi&uacute;p tăng cường cải thiện nếp nhăn v&agrave; l&agrave;m trắng da.</p>\r\n\r\n<p>(Nguồn:&nbsp;<em>RB Khải Ho&agrave;n</em>)</p>\r\n', 4, '1', '1715835239_b05248cb4def9db1c4fe-168847159-9335-1221-1688471795.jpg'),
(17, 'Chàng trai \'nghiện\' chăm sóc da', 'Khác với mọi người chăm sóc da theo một công thức, Gia Bảo chăm theo tình trạng da và thời tiết mỗi ngày nên cần một tủ lạnh 700 lít đựng mỹ phẩm.', '<h1>Ch&agrave;ng trai &#39;nghiện&#39; chăm s&oacute;c da</h1>\r\n\r\n<p>H&Agrave; NỘIKh&aacute;c với mọi người chăm s&oacute;c da theo một c&ocirc;ng thức, Gia Bảo chăm theo t&igrave;nh trạng da v&agrave; thời tiết mỗi ng&agrave;y n&ecirc;n cần một tủ lạnh 700 l&iacute;t đựng mỹ phẩm.</p>\r\n\r\n<p>Mỗi s&aacute;ng thức dậy, Lương Gia Bảo, 25 tuổi, ở Long Bi&ecirc;n, bắt đầu quy tr&igrave;nh dưỡng da bằng việc rửa mặt, đắp mặt nạ rồi thoa 3-5 loại serum rồi d&ugrave;ng kem dưỡng v&agrave; chống nắng. To&agrave;n bộ qu&aacute; tr&igrave;nh mất hơn 30 ph&uacute;t.</p>\r\n\r\n<p>&quot;Da đ&atilde; quen được cho ăn, nếu chỉ một ng&agrave;y kh&ocirc;ng chăm s&oacute;c sẽ thiếu sức sống như bị bỏ đ&oacute;i&quot;, Gia Bảo n&oacute;i.</p>\r\n\r\n<p><img alt=\"Gia Bảo với chiếc tủ lạnh 700 lít, đựng cả trăm lọ mỹ phẩm dưỡng da. Ảnh: Phan Dương\" src=\"https://i1-giadinh.vnecdn.net/2023/09/03/1-9030-1693748749.jpg?w=680&amp;h=0&amp;q=100&amp;dpr=1&amp;fit=crop&amp;s=Uev36uWR81Oeo-5o0JZ5tg\" /></p>\r\n\r\n<p>&nbsp;</p>\r\n\r\n<p>Gia Bảo với chiếc tủ lạnh 700 l&iacute;t, đựng cả trăm lọ mỹ phẩm dưỡng da. Ảnh:&nbsp;<em>Phan Dương</em></p>\r\n\r\n<p>Bảo cho biết trước đ&acirc;y kh&ocirc;ng để &yacute; chăm s&oacute;c da. Ngo&agrave;i sữa rửa mặt, cậu kh&ocirc;ng d&ugrave;ng loại&nbsp;<a href=\"https://vnexpress.net/chu-de/my-pham-5060\">mỹ phẩm</a>&nbsp;n&agrave;o kh&aacute;c. Nhưng đầu năm 2019 sau nhiều năm du học trở về, tr&ecirc;n mặt cậu bỗng nổi rất nhiều mụn. L&agrave;m việc ở kh&aacute;ch sạn, Bảo thường xuy&ecirc;n phải tiếp kh&aacute;ch. Khu&ocirc;n mặt khiến cậu tự ti, ảnh hưởng c&ocirc;ng việc.</p>\r\n\r\n<p>Đ&oacute; l&agrave; l&uacute;c Bảo t&igrave;m đến c&aacute;c loại kem che khuyết điểm v&agrave; đi spa trị liệu bằng c&aacute;c phương ph&aacute;p như lăn kim, lột da để chữa mụn. Suốt một năm, qua nhiều spa, ch&agrave;ng trai tốn kh&ocirc;ng &iacute;t tiền v&agrave;o c&aacute;c lộ tr&igrave;nh l&agrave;m đẹp nhưng mụn vẫn kh&ocirc;ng hết. Mặt Bảo lu&ocirc;n trong t&igrave;nh trạng bị &quot;c&agrave;y n&aacute;t&quot;. Đặc biệt c&oacute; hai mụn bọc ở giữa hai b&ecirc;n m&aacute; cứ thi thoảng lại đau nhức, sưng đỏ. &quot;C&aacute;c spa cho m&igrave;nh kem chấm để ti&ecirc;u mụn, m&agrave; mỗi lần d&ugrave;ng l&agrave; da bỏng ch&aacute;y&quot;, Bảo n&oacute;i.</p>\r\n\r\n<p>Một lần t&igrave;nh cờ người bạn l&agrave; b&aacute;c sĩ sờ thử hai c&aacute;i mụn tr&ecirc;n mặt Bảo, x&aacute;c định đ&acirc;y kh&ocirc;ng phải mụn b&igrave;nh thường. Cậu đến bệnh viện kh&aacute;m v&agrave; được chẩn đo&aacute;n đ&acirc;y l&agrave; như một dạng mụn thịt nếu kh&ocirc;ng phẫu thuật ra sẽ kh&ocirc;ng bao giờ hết.</p>\r\n\r\n<p>&quot;Sự việc khiến t&ocirc;i tỉnh ngộ, mất niềm tin v&agrave;o c&aacute;c spa&quot;, Bảo chia sẻ.</p>\r\n\r\n<p><img alt=\"Da của Bảo năm 2019 (trái) và hiện tại . Thời điểm đó dù đã qua nhiều, anh chỉ loại bỏ được mụn trên trán và cằm, vẫn còn hai mụn hai má. Ảnh: Nhân vật cung cấp\" src=\"https://i1-giadinh.vnecdn.net/2023/09/03/z4657852750960-b660e345afa29b1-7135-5040-1693748749.jpg?w=680&amp;h=0&amp;q=100&amp;dpr=1&amp;fit=crop&amp;s=MM11prJntkLqOz8SCAk2qQ\" /></p>\r\n\r\n<p>Da của Bảo năm 2019 (tr&aacute;i) v&agrave; hiện tại. Thời điểm đ&oacute; d&ugrave; đ&atilde; qua nhiều spa, cậu chỉ loại bỏ được mụn tr&ecirc;n tr&aacute;n v&agrave; cằm, vẫn c&ograve;n hai mụn hai m&aacute;. Ảnh:&nbsp;<em>Nh&acirc;n vật cung cấp</em></p>\r\n\r\n<p>Từ đ&oacute;, ch&agrave;ng trai tự m&igrave;nh t&igrave;m hiểu về c&aacute;c sản phẩm chăm s&oacute;c da. Lần đầu ti&ecirc;n cậu chi tiền mua một lọ serum gần 5 triệu đồng. D&ugrave;ng thấy th&iacute;ch, Bảo bỏ ra hơn 20 triệu đồng mua trọn bộ. Nhờ hiểu về da m&igrave;nh v&agrave; đi đ&uacute;ng hướng, khu&ocirc;n mặt Bảo ng&agrave;y một trắng mịn, hiếm khi c&ograve;n mụn nữa.</p>\r\n\r\n<p>&quot;Khi c&ocirc;ng sức bỏ ra được đền đ&aacute;p, t&ocirc;i c&agrave;ng mong muốn được trải nghiệm những sản phẩm mới, dần dần trở th&agrave;nh một con nghiện&nbsp;<a href=\"https://vnexpress.net/chu-de/skincare-4784\">skincare</a>&quot;, ch&agrave;ng trai n&oacute;i.</p>\r\n\r\n<p>Gia Bảo quan niệm chăm da cũng giống như ăn cơm, mỗi bữa mỗi ng&agrave;y một m&acirc;m cơm kh&aacute;c nhau. Từ một tủ lạnh nhỏ, cậu đầu tư mua tủ lạnh 700 l&iacute;t để chứa mỹ phẩm. Chiếc tủ lạnh c&aacute; nh&acirc;n chứa hơn 50 loại serum, hơn 30 kem dưỡng ẩm, h&agrave;ng chục loại sữa rửa mặt v&agrave; mặt nạ kh&aacute;c nhau. &quot;T&ocirc;i xem tủ lạnh mỹ phẩm giống tủ thuốc, cập nhật theo tuần, cần g&igrave; l&agrave; c&oacute;&quot;, cậu n&oacute;i.</p>\r\n\r\n<p>Gia Bảo cho biết kh&ocirc;ng ki&ecirc;ng khem ăn uống, vẫn d&ugrave;ng đồ ăn nhanh, cay n&oacute;ng v&agrave; thường đi nhậu với c&aacute;c bạn, chơi thể thao ngo&agrave;i nắng m&agrave; kh&ocirc;ng lo sợ c&aacute;c vấn đề da. Cậu chăm s&oacute;c khu&ocirc;n mặt theo chế độ ăn trong ng&agrave;y, cũng như thời tiết v&agrave; t&igrave;nh trạng da.</p>\r\n\r\n<p>Nếu h&ocirc;m đ&oacute; ăn đồ cay n&oacute;ng, Bảo sẽ &aacute;p dụng c&aacute;c sản phẩm l&agrave;m dịu da. Nếu trời mưa, độ ẩm tăng cao, dễ l&agrave;m da mặt vi&ecirc;m, sần s&ugrave;i, sạm t&aacute;i cậu sử dụng c&ocirc;ng thức kh&aacute;ng khuẩn, kiềm dầu, se kh&iacute;t lỗ ch&acirc;n l&ocirc;ng v&agrave; ức chế mụn đang h&igrave;nh th&agrave;nh. Trời nắng n&oacute;ng khiến da bị mất nước v&igrave; ngồi điều h&ograve;a nhiều, cậu sẽ bổ sung c&aacute;c sản phẩm thi&ecirc;n về cấp ẩm. Khi sang m&ugrave;a đ&ocirc;ng, cậu sẽ d&ugrave;ng thi&ecirc;n về c&aacute;c sản phẩm đặc, dầu v&agrave; s&aacute;p để tăng khả năng giữ ẩm.</p>\r\n\r\n<p>Cậu cho biết d&ugrave;ng tới 5 lớp serum để bổ trợ cho nhau. V&iacute; dụ lớp kh&aacute;ng khuẩn kiềm dầu sẽ c&oacute; t&aacute;c dụng phụ l&agrave; l&agrave;m da nhạy cảm, dễ đỏ, v&igrave; thế sẽ b&ocirc;i phục hồi, tiếp đ&oacute; đến cấp ẩm v&agrave; bổ sung l&ecirc;n c&aacute;c th&agrave;nh phần kh&aacute;c. Giữa trưa mỗi ng&agrave;y, cậu sẽ tẩy trang v&agrave; b&ocirc;i lại kem chống nắng. Bước chăm s&oacute;c da buổi tối cũng tương tự s&aacute;ng, tuy nhi&ecirc;n nếu c&aacute;c sản phẩm buổi s&aacute;ng thi&ecirc;n về chống l&atilde;o h&oacute;a v&agrave; bảo vệ, buổi tối sẽ thi&ecirc;n về phục hồi da v&agrave; ngăn ngừa l&atilde;o h&oacute;a.</p>\r\n\r\n<p>&quot;T&ocirc;i thậm ch&iacute; c&ograve;n t&iacute;nh to&aacute;n số phần trăm bị thất tho&aacute;t khi nằm xuống, d&iacute;nh v&agrave;o gối, n&ecirc;n lu&ocirc;n b&ocirc;i nhiều hơn để hấp thụ tốt nhất&quot;, ch&agrave;ng trai chia sẻ.</p>\r\n\r\n<p>Ngo&agrave;i ra, trong ng&agrave;y Bảo sẽ d&agrave;nh một đến hai lần d&ugrave;ng liệu ph&aacute;p &aacute;nh s&aacute;ng. C&ocirc;ng nghệ n&agrave;y được xem l&agrave; &quot;cải l&atilde;o ho&agrave;n đồng&quot; gi&uacute;p xử l&yacute; mọi t&igrave;nh trạng tr&ecirc;n da. Một lần đi spa chiếu sẽ mất hai triệu đồng nhưng nh&agrave; c&oacute; sẵn m&aacute;y n&ecirc;n Bảo d&ugrave;ng h&agrave;ng ng&agrave;y. Ngo&agrave;i ra, khi thấy da c&oacute; vấn đề hoặc khi c&oacute; thời gian, cậu sẽ tự can thiệp c&aacute;c biện ph&aacute;p x&acirc;m lấn như cấy tinh chất v&agrave;o da, lăn kim hay lột.</p>\r\n\r\n<p><img alt=\"Gia Bảo thường nằm dưới máy  trị liệu ánh sáng 20 phút mỗi lần, ngày từ một đến hai lần để xử lý các vấn đề trên da. Ảnh: Vân Trinh\" src=\"https://i1-giadinh.vnecdn.net/2023/09/03/anh2-5552-1693748749.jpg?w=680&amp;h=0&amp;q=100&amp;dpr=1&amp;fit=crop&amp;s=vT0j4Wfx4r1HMpBbQFuSlw\" /></p>\r\n\r\n<p>Gia Bảo thường nằm dưới m&aacute;y trị liệu &aacute;nh s&aacute;ng 20 ph&uacute;t mỗi lần, ng&agrave;y từ một đến hai lần để xử l&yacute; c&aacute;c vấn đề tr&ecirc;n da. Ảnh:&nbsp;<em>V&acirc;n Trinh</em></p>\r\n\r\n<p>Nghiện thử nghiệm c&aacute;c sản phẩm mới n&ecirc;n kh&ocirc;ng &iacute;t lần Gia Bảo gặp sự cố. C&oacute; lần thử một serum trị mụn của Ph&aacute;p, vừa b&ocirc;i l&ecirc;n cậu lập tức thấy cảm gi&aacute;c ch&acirc;m ch&iacute;ch. D&ugrave; rửa sạch v&agrave; cấp cứu da, cậu vẫn mất cả th&aacute;ng để xử l&yacute; hậu quả. L&yacute; do v&igrave; loại n&agrave;y d&ugrave;ng cho da xứ lạnh d&agrave;y, khỏe, trong khi da Bảo mẫn cảm.</p>\r\n\r\n<p>Cậu c&ograve;n phải &quot;vượt qua ải m&ugrave;i hương&quot; khi d&ugrave;ng một loại mặt nạ m&agrave;u đen chiết xuất từ nội tạng động vật n&ecirc;n c&oacute; m&ugrave;i rất nồng.</p>\r\n\r\n<p>Chị Minh Trang, chủ một thương hiệu chuy&ecirc;n cung cấp c&aacute;c sản phẩm l&agrave;m đẹp ở H&agrave; Nội cho biết chăm s&oacute;c da giờ kh&ocirc;ng c&ograve;n l&agrave; của ri&ecirc;ng ph&aacute;i nữ. Nam giới trẻ đầu tư dưỡng da rất phổ biến v&agrave; Bảo l&agrave; một điển h&igrave;nh trong số đ&oacute;. &quot;Bạn ấy chịu kh&oacute; t&igrave;m hiểu, c&oacute; kiến thức v&agrave; rất m&ecirc; l&agrave;n da căng b&oacute;ng&quot;, Minh Trang n&oacute;i.</p>\r\n\r\n<p>Chị Trần V&acirc;n Trinh, 50 tuổi, mẹ Bảo chia sẻ thời gian đầu thấy con cứ mỗi ng&agrave;y trở về với khu&ocirc;n mặt sưng đỏ v&igrave; đi spa, chị x&oacute;t nhưng kh&ocirc;ng biết l&agrave;m g&igrave;. Nghĩ mặt mụn, c&aacute;c vấn đề da khiến con tự ti, n&ecirc;n chị ủng hộ vật chất, tinh thần, mong con tự tin như trước.</p>\r\n\r\n<p>Hiện c&aacute;i Gia Bảo vẫn tu&acirc;n thủ rất nghi&ecirc;m ngặt chế độ chăm s&oacute;c da h&agrave;ng ng&agrave;y d&ugrave; tốn kh&aacute; nhiều thời gian. Cậu cho biết v&igrave; được l&agrave;m thứ m&igrave;nh đam m&ecirc; n&ecirc;n kh&ocirc;ng cảm thấy đ&oacute; l&agrave; &aacute;p lực. &quot;Hạnh ph&uacute;c nữa l&agrave; c&aacute;c kiến thức về chăm s&oacute;c da của t&ocirc;i c&ograve;n gi&uacute;p được mẹ n&iacute;u giữ tuổi xu&acirc;n&quot;, ch&agrave;ng trai n&oacute;i.</p>\r\n\r\n<p>&nbsp;</p>\r\n', 9, '1', '1715835146_1-1693652312-7392-1693748749.jpg'),
(18, 'Mỹ phẩm Placentor Vegetal chính thức phân phối tại Việt Nam', 'Với sự xuất hiện của thương hiệu Placentor Vegetal, người dùng Việt Nam sẽ có thêm một sự lựa chọn khi mua các sản phẩm chăm sóc da', '<p>Với sự xuất hiện của thương hiệu Placentor Vegetal, người d&ugrave;ng Việt Nam sẽ c&oacute; th&ecirc;m một sự lựa chọn khi mua c&aacute;c sản phẩm chăm s&oacute;c da.</p>\r\n\r\n<p>Theo đại diện Placentor Vegetal, từ những năm 1960, nhau thai động vật được sử dụng điều trị bỏng, sẹo v&agrave; trở th&agrave;nh th&agrave;nh phần trong nhiều loại kem t&aacute;i tạo v&agrave; dưỡng ẩm. Sau nhiều năm nghi&ecirc;n cứu, Laboratoires Sicobel đ&atilde; ph&aacute;t hiện ra th&agrave;nh phần hữu cơ của no&atilde;n thực vật c&oacute; t&aacute;c dụng tương tự như nhau thai, gi&uacute;p cải thiện l&agrave;n da. No&atilde;n thực vật được t&igrave;m thấy dưới nhụy hoa trong thực vật. N&oacute; chứa c&aacute;c chất dinh dưỡng như axit amin, peptide..., hoạt động như một chất lỏng nu&ocirc;i dưỡng trong qu&aacute; tr&igrave;nh h&igrave;nh th&agrave;nh quả.</p>\r\n\r\n<p>Tận dụng cơ chế tr&ecirc;n, c&ugrave;ng với cảm hứng từ những gi&aacute; trị bền vững v&agrave; lối sống xanh th&acirc;n thiện, Placentor Vegetal sản xuất c&aacute;c d&ograve;ng sản phẩm mỹ phẩm l&agrave;nh t&iacute;nh, c&oacute; chiết xuất từ tự nhi&ecirc;n, được đ&aacute;nh gi&aacute; l&agrave; nguồn thực phẩm gi&agrave;u dinh dưỡng cho da, gi&uacute;p da được nu&ocirc;i dưỡng v&agrave; bảo vệ từ s&acirc;u b&ecirc;n trong, hạn chế t&igrave;nh trạng da bị k&iacute;ch ứng khi d&ugrave;ng sản phẩm.</p>\r\n\r\n<p><img alt=\"Dòng mỹ phẩm Placentor Vegetal lấy cảm hứng từ lối sống xanh thân thiện. Ảnh: Placentor Vegetal\" src=\"https://i1-suckhoe.vnecdn.net/2022/11/14/cham-soc-da-6429-1668413150.png?w=680&amp;h=0&amp;q=100&amp;dpr=1&amp;fit=crop&amp;s=Xx0maQQLCpjimoWSqMXjoA\" /></p>\r\n\r\n<p>D&ograve;ng mỹ phẩm Placentor Vegetal lấy cảm hứng từ lối sống xanh th&acirc;n thiện. Ảnh:&nbsp;<em>Placentor Vegetal</em></p>\r\n\r\n<p>&quot;Placentor Vegetal c&ograve;n đi ti&ecirc;n phong trong việc ứng dụng c&ocirc;ng nghệ ti&ecirc;n tiến trong quy tr&igrave;nh sản xuất. Những c&ocirc;ng đoạn sản xuất được gi&aacute;m s&aacute;t v&agrave; kiểm tra khắt khe trước khi đến tay người ti&ecirc;u d&ugrave;ng. Bởi v&igrave;, mang lại hiệu quả tốt nhất c&ugrave;ng tuổi thanh xu&acirc;n cho ph&aacute;i đẹp mỗi ng&agrave;y ch&iacute;nh l&agrave; sứ mệnh m&agrave; Placentor Vegetal lu&ocirc;n hướng về&quot; &ndash; vị đại diện n&agrave;y cho biết.</p>\r\n\r\n<p><img alt=\"Các sản phẩm của dòng mỹ phẩm Placentor Vegetal. Ảnh: Placentor Vegetal\" src=\"https://i1-suckhoe.vnecdn.net/2022/11/14/cham-soc-da1-5482-1668413150.png?w=680&amp;h=0&amp;q=100&amp;dpr=1&amp;fit=crop&amp;s=eN7MMT7YONrVMjTvW4S-kg\" /></p>\r\n\r\n<p>C&aacute;c sản phẩm của d&ograve;ng mỹ phẩm Placentor Vegetal. Ảnh:&nbsp;<em>Placentor Vegetal</em></p>\r\n\r\n<p>Vị đại diện n&agrave;y cho biết th&ecirc;m, việc n&oacute;i kh&ocirc;ng với c&aacute;c sản phẩm c&oacute; th&agrave;nh phần g&acirc;y hại cho da gi&uacute;p cho Placentor Vegetal ch&iacute;nh l&agrave; thương hiệu mỹ phẩm th&acirc;n thiện được tin d&ugrave;ng tại hơn 35 quốc gia kh&aacute;c nhau tr&ecirc;n to&agrave;n cầu trong hơn 60 năm qua.</p>\r\n\r\n<p>C&ocirc;ng nghệ tế b&agrave;o gốc no&atilde;n thực vật được ứng dụng trong c&aacute;c sản phẩm của Placentor Vegetal như nước tẩy trang, sữa rửa mặt, mặt nạ dưỡng da, tinh chất v&agrave; tẩy da chết.... Sản phẩm ph&aacute;t triển với mục ti&ecirc;u gi&uacute;p l&agrave;n da phục hồi tổn thương do c&aacute;c t&aacute;c nh&acirc;n từ m&ocirc;i trường b&ecirc;n ngo&agrave;i lẫn b&ecirc;n trong; gi&uacute;p lỗ ch&acirc;n l&ocirc;ng th&ocirc;ng tho&aacute;ng, kiềm dầu, giảm dầu thừa v&agrave; cung cấp độ ẩm cần thiết để l&agrave;n da dịu m&aacute;t. Từ đ&oacute; giảm thiểu khả năng h&igrave;nh th&agrave;nh, đặc biệt l&agrave; c&aacute;c loại mụn vi&ecirc;m, mụn ẩn, mụn bọc...Sản phẩm chăm s&oacute;c da từ Placentor Vegetal c&ograve;n gi&uacute;p tăng cường độ hiệu quả của kem chống nắng cũng như gi&uacute;p lớp trang điểm được đẹp v&agrave; bền hơn.</p>\r\n\r\n<p><img alt=\"Placentor Vegetal phân phối đa dạng sản phẩm. Ảnh: Placentor Vegetal\" src=\"https://i1-suckhoe.vnecdn.net/2022/11/14/cham-soc-da2-3797-1668413150.png?w=680&amp;h=0&amp;q=100&amp;dpr=1&amp;fit=crop&amp;s=rUMwvyO5I-b-MT3CtVXN3A\" /></p>\r\n\r\n<p>Placentor Vegetal ph&acirc;n phối đa dạng sản phẩm. Ảnh:&nbsp;<em>Placentor Vegetal</em></p>\r\n\r\n<p>&quot;Placentor Vegetal lu&ocirc;n t&acirc;m niệm mang đến thật nhiều gi&aacute; trị đến với x&atilde; hội th&ocirc;ng qua việc nghi&ecirc;n cứu v&agrave; đem đến cho thị trường những sản phẩm chăm s&oacute;c da l&agrave;nh t&iacute;nh, an to&agrave;n, hiệu quả, th&agrave;nh phần th&acirc;n thiện với m&ocirc;i trường, g&oacute;p phần lưu giữ n&eacute;t thanh xu&acirc;n cho ph&aacute;i đẹp&quot; &ndash; vị đại diện n&agrave;y n&oacute;i.</p>\r\n\r\n<p>Thương hiệu mỹ phẩm Placentor Vegetal ph&acirc;n phối tr&ecirc;n thị trường mỹ phẩm Việt Nam từ năm 2022. C&aacute;c d&ograve;ng sản phẩm Placentor được nhập khẩu v&agrave; ph&acirc;n phối trực tiếp bởi C&ocirc;ng ty tr&aacute;ch nhiệm hữu hạn UNISON Việt Nam, trụ sở đặt tại quận T&acirc;n B&igrave;nh, TP HCM.</p>\r\n', 4, '1', '1715835627_cham-soc-da2-1668412983-8366-1668413150.png'),
(19, 'Ra mắt thương hiệu mỹ phẩm T-Corporation', 'Theo T-Corporation, đơn vị này mong muốn là nơi giúp chị em giải quyết các vấn đề về da và truyền cảm hứng kinh doanh.', '<p>Theo T-Corporation, đơn vị n&agrave;y mong muốn l&agrave; nơi gi&uacute;p chị em giải quyết c&aacute;c vấn đề về da v&agrave; truyền cảm hứng kinh doanh.</p>\r\n\r\n<p>C&ocirc;ng ty Cổ phần Thương mại T-Corporation đ&atilde; tổ chức buổi lễ ra mắt thương hiệu T-Corporation v&agrave;o ng&agrave;y 29/10 tại Trung t&acirc;m Hội nghị Quốc gia, TP H&agrave; Nội. Sự kiện thu h&uacute;t kh&aacute;ch mời l&agrave; c&aacute;c đơn vị đại l&yacute;, nh&agrave; ph&acirc;n phối, kh&aacute;ch h&agrave;ng.</p>\r\n\r\n<p><img alt=\"Khách hàng đăng ký tham dự lễ ra mắt thương hiệu T-Corporation.\" src=\"https://i1-kinhdoanh.vnecdn.net/2022/11/03/f52bd02e6125a77bfe34-9887-1667464654.jpg?w=680&amp;h=0&amp;q=100&amp;dpr=1&amp;fit=crop&amp;s=BMcwmX_BlmzTIOG-vGUHbQ\" /></p>\r\n\r\n<p>Kh&aacute;ch h&agrave;ng đăng k&yacute; tham dự lễ ra mắt thương hiệu T-Corporation.</p>\r\n\r\n<p>Theo đại diện T-Corporation, buổi ra mắt nhằm gi&uacute;p đơn vị n&agrave;y khẳng định thương hiệu T-Corporation tại Việt Nam. Đồng thời, l&agrave; cơ sở để T-Corporation tạo được chỗ đứng vững chắc tr&ecirc;n thị trường. Ngo&agrave;i ra, thương hiệu cũng mong muốn truyền cảm hứng kinh doanh, gi&uacute;p chị em c&oacute; th&ecirc;m thu nhập v&agrave; n&acirc;ng cao chất lượng cuộc sống.</p>\r\n\r\n<p><img alt=\"Sự kiện ra mắt thương hiệu T-Corporation nhận được sự quan tâm của khách hàng.\" src=\"https://i1-kinhdoanh.vnecdn.net/2022/11/03/47bce7185513934dca02-9983-1667464654.jpg?w=680&amp;h=0&amp;q=100&amp;dpr=1&amp;fit=crop&amp;s=4AX4mIHOydwamlgQEf20fg\" /></p>\r\n\r\n<p>Sự kiện ra mắt thương hiệu T-Corporation nhận được sự quan t&acirc;m của kh&aacute;ch h&agrave;ng.</p>\r\n\r\n<p>Trong sự kiện, người tham gia đ&atilde; thưởng thức những m&agrave;n tr&igrave;nh diễn &acirc;m nhạc hấp dẫn v&agrave; trải nghiệm t&iacute;nh năng của d&ograve;ng sản phẩm mới thuộc thương hiệu T-Corporation tại khu trưng b&agrave;y sản phẩm. Đ&oacute; l&agrave; c&aacute;c sản phẩm hỗ trợ l&agrave;m mờ vết n&aacute;m v&agrave; t&agrave;n nhang d&agrave;nh cho ph&aacute;i nữ. B&ecirc;n cạnh đ&oacute;, kh&aacute;ch h&agrave;ng tham dự c&ograve;n được tư vấn về c&aacute;c phương ph&aacute;p chăm s&oacute;c da c&ugrave;ng những phần qu&agrave; c&oacute; gi&aacute; trị.</p>\r\n\r\n<p><img alt=\"Quầy trưng bày các dòng sản phẩm của T-Coporation.\" src=\"https://i1-kinhdoanh.vnecdn.net/2022/11/03/9d98ef265f2d9973c03c-2422-1667464654.jpg?w=680&amp;h=0&amp;q=100&amp;dpr=1&amp;fit=crop&amp;s=URLv64BD0hzPTxDs5I-3UA\" /></p>\r\n\r\n<p>Quầy trưng b&agrave;y c&aacute;c d&ograve;ng sản phẩm của T-Coporation.</p>\r\n\r\n<p>&quot;Thời gian vừa qua, c&aacute;c d&ograve;ng sản phẩm của T-Corporation đ&atilde; nhận được những đ&aacute;nh gi&aacute;, phản hồi t&iacute;ch cực từ ph&iacute;a người d&ugrave;ng. V&igrave; vậy, ch&uacute;ng t&ocirc;i đ&atilde; triển khai x&acirc;y dựng tầm nh&igrave;n chiến lược v&agrave; x&uacute;c tiến k&yacute; kết hợp t&aacute;c với c&aacute;c nh&agrave; ph&acirc;n phối tr&ecirc;n khắp ba miền Bắc &ndash; Trung &ndash; Nam nhằm mang sản phẩm đến gần hơn với người ti&ecirc;u d&ugrave;ng&quot;, đại diện T-Corporation cho hay.</p>\r\n\r\n<p>Về định hướng ph&aacute;t triển trong tương lai, T-Corporation cho biết, đơn vị n&agrave;y đặt mục ti&ecirc;u trở th&agrave;nh một trong những doanh nghiệp h&agrave;ng đầu ở lĩnh vực chăm s&oacute;c sắc đẹp trong nước cũng như khu vực. Trong thời gian tới, T-Corporation cam kết x&acirc;y dựng chiến lược ph&aacute;t triển trung v&agrave; d&agrave;i hạn nhằm cho ra đời c&aacute;c sản phẩm mới để đ&aacute;p ứng thị hiếu ng&agrave;y c&agrave;ng cao của kh&aacute;ch h&agrave;ng.</p>\r\n\r\n<p>B&agrave; Đỗ Ngọc T&uacute; - Chủ tịch HĐQT T-Corporation n&oacute;i: &quot;C&ocirc;ng nghệ l&agrave; yếu tố bắt buộc ch&uacute;ng ta phải th&iacute;ch nghi. Việc nắm chắc c&ocirc;ng nghệ sẽ gi&uacute;p ch&uacute;ng ta l&agrave;m chủ tương lai v&agrave; tạo ra những sản phẩm, dịch vụ c&oacute; chất lượng tối ưu. Do đ&oacute;, T-Corporations sẽ lu&ocirc;n l&agrave; người bạn đồng h&agrave;nh ph&aacute;t triển c&ugrave;ng kh&aacute;ch h&agrave;ng trong thời đại b&ugrave;ng nổ kinh doanh số. Mặt kh&aacute;c, c&ocirc;ng ty sẽ gi&uacute;p kh&aacute;ch h&agrave;ng nhận biết v&agrave; vận h&agrave;nh trơn tru m&ocirc; h&igrave;nh kinh doanh bằng c&aacute;c giải ph&aacute;p c&ocirc;ng nghệ, phần mềm&quot;.</p>\r\n\r\n<p>Nguồn v&agrave; ảnh:&nbsp;<em>T-Corporation</em></p>\r\n', 1, '1', '1715836951_47bce7185513934dca02-166746453-2638-1868-1667464654.jpg');

-- --------------------------------------------------------

--
-- Table structure for table `tbl_danhmucbaiviet`
--

CREATE TABLE `tbl_danhmucbaiviet` (
  `id_danhmucbaiviet` int(11) NOT NULL,
  `tendanhmuc_baiviet` varchar(255) NOT NULL
) ENGINE=InnoDB DEFAULT CHARSET=utf8 COLLATE=utf8_general_ci;

--
-- Dumping data for table `tbl_danhmucbaiviet`
--

INSERT INTO `tbl_danhmucbaiviet` (`id_danhmucbaiviet`, `tendanhmuc_baiviet`) VALUES
(1, 'Tin tức làm đẹp'),
(4, 'Tin tức mỹ phẫm'),
(9, 'Tin tức sự kiện');

-- --------------------------------------------------------

--
-- Table structure for table `tbl_momo`
--

CREATE TABLE `tbl_momo` (
  `id_momo` int(11) NOT NULL,
  `partner_code` varchar(50) NOT NULL,
  `order_id` int(11) NOT NULL,
  `amount` varchar(50) NOT NULL,
  `order_info` varchar(100) NOT NULL,
  `order_type` varchar(50) NOT NULL,
  `trans_id` int(11) NOT NULL,
  `pay_type` varchar(50) NOT NULL,
  `code_cart` varchar(50) NOT NULL
) ENGINE=InnoDB DEFAULT CHARSET=utf8 COLLATE=utf8_general_ci;

--
-- Dumping data for table `tbl_momo`
--

INSERT INTO `tbl_momo` (`id_momo`, `partner_code`, `order_id`, `amount`, `order_info`, `order_type`, `trans_id`, `pay_type`, `code_cart`) VALUES
(1, 'MOMOBKUN20180529', 1713239689, '1167000', 'Thanh toán qua mã QRcode MOMO', 'momo_wallet', 2147483647, 'napas', '6592'),
(2, 'MOMOBKUN20180529', 1713239923, '632000', 'Thanh toán qua mã QRcode MOMO', 'momo_wallet', 2147483647, 'napas', '5836'),
(3, 'MOMOBKUN20180529', 1716002826, '215000', 'Thanh toán qua mã QRcode MOMO', 'momo_wallet', 2147483647, 'napas', '6992'),
(4, 'MOMOBKUN20180529', 1716002826, '215000', 'Thanh toán qua mã QRcode MOMO', 'momo_wallet', 2147483647, 'napas', '1754'),
(5, 'MOMOBKUN20180529', 1716139981, '341000', 'Thanh toán qua mã QRcode MOMO', 'momo_wallet', 2147483647, 'napas', '8887'),
(6, 'MOMOBKUN20180529', 1716140150, '341000', 'Thanh toán qua mã QRcode MOMO', 'momo_wallet', 2147483647, 'napas', '6208'),
(7, 'MOMOBKUN20180529', 1716140523, '556000', 'Thanh toán qua mã QRcode MOMO', 'momo_wallet', 2147483647, 'napas', '9650'),
(8, 'MOMOBKUN20180529', 1716175569, '364000', 'Thanh toán qua mã QRcode MOMO', 'momo_wallet', 2147483647, 'napas', '4492'),
(9, 'MOMOBKUN20180529', 1716176677, '364000', 'Thanh toán qua mã QRcode MOMO', 'momo_wallet', 2147483647, 'napas', '8986'),
(10, 'MOMOBKUN20180529', 1716177633, '215000', 'Thanh toán qua mã QRcode MOMO', 'momo_wallet', 2147483647, 'napas', '2771'),
(11, 'MOMOBKUN20180529', 1716177824, '215000', 'Thanh toán qua mã QRcode MOMO', 'momo_wallet', 2147483647, 'napas', '4134'),
(12, 'MOMOBKUN20180529', 1716178252, '215000', 'Thanh toán qua mã QRcode MOMO', 'momo_wallet', 2147483647, 'napas', '4240'),
(13, 'MOMOBKUN20180529', 1716178334, '215000', 'Thanh toán qua mã QRcode MOMO', 'momo_wallet', 2147483647, 'napas', '5247'),
(14, 'MOMOBKUN20180529', 1716178753, '215000', 'Thanh toán qua mã QRcode MOMO', 'momo_wallet', 2147483647, 'napas', '9251'),
(15, 'MOMOBKUN20180529', 1716178976, '117000', 'Thanh toán qua mã QRcode MOMO', 'momo_wallet', 2147483647, 'napas', '3261'),
(16, 'MOMOBKUN20180529', 1716179662, '374000', 'Thanh toán qua mã QRcode MOMO', 'momo_wallet', 2147483647, 'napas', '7171'),
(17, 'MOMOBKUN20180529', 1716179662, '374000', 'Thanh toán qua mã QRcode MOMO', 'momo_wallet', 2147483647, 'napas', '4892'),
(18, 'MOMOBKUN20180529', 1716179662, '374000', 'Thanh toán qua mã QRcode MOMO', 'momo_wallet', 2147483647, 'napas', '1096'),
(19, 'MOMOBKUN20180529', 1716179662, '374000', 'Thanh toán qua mã QRcode MOMO', 'momo_wallet', 2147483647, 'napas', '2563'),
(20, 'MOMOBKUN20180529', 1716179662, '374000', 'Thanh toán qua mã QRcode MOMO', 'momo_wallet', 2147483647, 'napas', '2068'),
(21, 'MOMOBKUN20180529', 1716179662, '374000', 'Thanh toán qua mã QRcode MOMO', 'momo_wallet', 2147483647, 'napas', '9583'),
(22, 'MOMOBKUN20180529', 1716180430, '341000', 'Thanh toán qua mã QRcode MOMO', 'momo_wallet', 2147483647, 'napas', '8794'),
(23, 'MOMOBKUN20180529', 1716443156, '202000', 'Thanh toán qua mã QRcode MOMO', 'momo_wallet', 2147483647, 'napas', '4463'),
(24, 'MOMOBKUN20180529', 1716443440, '117000', 'Thanh toán qua mã QRcode MOMO', 'momo_wallet', 2147483647, 'napas', '3753'),
(25, 'MOMOBKUN20180529', 1716727853, '367000', 'Thanh toán qua mã QRcode MOMO', 'momo_wallet', 2147483647, 'napas', '9603'),
(26, 'MOMOBKUN20180529', 1716728223, '367000', 'Thanh toán qua mã QRcode MOMO', 'momo_wallet', 2147483647, 'napas', '5811'),
(27, 'MOMOBKUN20180529', 1716951486, '215000', 'Thanh toán qua mã QRcode MOMO', 'momo_wallet', 2147483647, '', '2103'),
(28, 'MOMOBKUN20180529', 1716951486, '215000', 'Thanh toán qua mã QRcode MOMO', 'momo_wallet', 2147483647, '', '908'),
(29, 'MOMOBKUN20180529', 1731423374, '367000', 'Thanh toán qua mã QRcode MOMO', 'momo_wallet', 2147483647, 'napas', '6601'),
(30, 'MOMOBKUN20180529', 1731423680, '367000', 'Thanh toán qua mã QRcode MOMO', 'momo_wallet', 2147483647, 'napas', '3196');

-- --------------------------------------------------------

--
-- Table structure for table `tbl_slider`
--

CREATE TABLE `tbl_slider` (
  `id_thuonghieu` int(11) NOT NULL,
  `image_thuonghieu` varchar(255) NOT NULL,
  `tenthuonghieu` varchar(100) NOT NULL,
  `danhmuc` int(11) NOT NULL
) ENGINE=InnoDB DEFAULT CHARSET=utf8 COLLATE=utf8_general_ci;

--
-- Dumping data for table `tbl_slider`
--

INSERT INTO `tbl_slider` (`id_thuonghieu`, `image_thuonghieu`, `tenthuonghieu`, `danhmuc`) VALUES
(5, '1715748502_a-derma1.jpg', 'A-DERNA', 0),
(6, '1715748574_download-1.png', 'AQUA VERA', 0),
(7, '1715748635_3ce_1.jpg', '3CE', 0),
(8, '1715748711_3w.jpg', '3W', 0),
(9, '1715748831_bioderma2_large.jpg', 'BIODERMA ', 0),
(10, '1715748889_download-15.jpg', 'BLACK ROUGE', 0),
(11, '1715748939_download-27.png', 'DIOR', 0),
(12, '1715749021_download-20.jpg', 'GARNIER', 0);

-- --------------------------------------------------------

--
-- Table structure for table `tbl_vnpay`
--

CREATE TABLE `tbl_vnpay` (
  `id_vnpay` int(11) NOT NULL,
  `vnp_amount` varchar(50) NOT NULL,
  `vnp_bankCode` varchar(50) NOT NULL,
  `vnp_banktranno` varchar(50) NOT NULL,
  `vnp_cardtype` varchar(50) NOT NULL,
  `vnp_orderinfo` varchar(100) NOT NULL,
  `vnp_paydate` varchar(50) NOT NULL,
  `vnp_tmncode` varchar(50) NOT NULL,
  `vnp_transactionno` varchar(50) NOT NULL,
  `code_cart` varchar(50) NOT NULL
) ENGINE=InnoDB DEFAULT CHARSET=utf8 COLLATE=utf8_general_ci;

--
-- Dumping data for table `tbl_vnpay`
--

INSERT INTO `tbl_vnpay` (`id_vnpay`, `vnp_amount`, `vnp_bankCode`, `vnp_banktranno`, `vnp_cardtype`, `vnp_orderinfo`, `vnp_paydate`, `vnp_tmncode`, `vnp_transactionno`, `code_cart`) VALUES
(1, '27400000', 'NCB', 'VNP14348029', 'ATM', 'Thanh toán đơn hàng đặt tại web', '20240320092331', '0YLHOIHE', '14348029', '0'),
(2, '27400000', 'NCB', 'VNP14348029', 'ATM', 'Thanh toán đơn hàng đặt tại web', '20240320092331', '0YLHOIHE', '14348029', '0'),
(3, '27400000', 'NCB', 'VNP14348029', 'ATM', 'Thanh toán đơn hàng đặt tại web', '20240320092331', '0YLHOIHE', '14348029', '0'),
(4, '27400000', 'NCB', 'VNP14348029', 'ATM', 'Thanh toán đơn hàng đặt tại web', '20240320092331', '0YLHOIHE', '14348029', '0'),
(5, '27400000', 'NCB', 'VNP14348029', 'ATM', 'Thanh toán đơn hàng đặt tại web', '20240320092331', '0YLHOIHE', '14348029', '0'),
(6, '27400000', 'NCB', 'VNP14348029', 'ATM', 'Thanh toán đơn hàng đặt tại web', '20240320092331', '0YLHOIHE', '14348029', '0'),
(7, '27400000', 'NCB', 'VNP14348050', 'ATM', 'Thanh toán đơn hàng đặt tại web', '20240320093843', '0YLHOIHE', '14348050', '0'),
(8, '27400000', 'NCB', 'VNP14348050', 'ATM', 'Thanh toán đơn hàng đặt tại web', '20240320093843', '0YLHOIHE', '14348050', '0'),
(9, '27400000', 'NCB', 'VNP14348050', 'ATM', 'Thanh toán đơn hàng đặt tại web', '20240320093843', '0YLHOIHE', '14348050', '0'),
(10, '27400000', 'NCB', 'VNP14348050', 'ATM', 'Thanh toán đơn hàng đặt tại web', '20240320093843', '0YLHOIHE', '14348050', '0'),
(11, '63200000', 'NCB', 'VNP14351172', 'ATM', 'Thanh toán đơn hàng đặt tại web', '20240322100046', '0YLHOIHE', '14351172', ''),
(12, '236100000', 'NCB', 'VNP14353350', 'ATM', 'Thanh toán đơn hàng đặt tại web', '20240324130350', '0YLHOIHE', '14353350', ''),
(13, '35800000', 'NCB', 'VNP14353352', 'ATM', 'Thanh toán đơn hàng đặt tại web', '20240324130941', '0YLHOIHE', '14353352', ''),
(14, '10000000', 'NCB', 'VNP14368709', 'ATM', 'Thanh toán đơn hàng đặt tại web', '20240406103751', '0YLHOIHE', '14368709', ''),
(15, '116700000', 'NCB', 'VNP14368712', 'ATM', 'Thanh toán đơn hàng đặt tại web', '20240406104610', '0YLHOIHE', '14368712', ''),
(16, '34300000', 'NCB', 'VNP14375588', 'ATM', 'Thanh toán đơn hàng đặt tại web', '20240412103504', '0YLHOIHE', '14375588', ''),
(17, '144800000', 'NCB', 'VNP14419403', 'ATM', 'Thanh toán đơn hàng đặt tại web', '20240518102348', '0YLHOIHE', '14419403', ''),
(18, '46900000', 'NCB', 'VNP14421057', 'ATM', 'Thanh toán đơn hàng đặt tại web', '20240520003239', '0YLHOIHE', '14421057', ''),
(19, '11700000', 'NCB', 'VNP14421362', 'ATM', 'Thanh toán đơn hàng đặt tại web', '20240520112357', '0YLHOIHE', '14421362', ''),
(20, '34100000', 'NCB', 'VNP14421416', 'ATM', 'Thanh toán đơn hàng đặt tại web', '20240520114904', '0YLHOIHE', '14421416', ''),
(21, '28800000', 'NCB', 'VNP14426248', 'ATM', 'Thanh toán đơn hàng đặt tại web', '20240523123929', '0YLHOIHE', '14426248', ''),
(22, '27400000', 'NCB', 'VNP14426252', 'ATM', 'Thanh toán đơn hàng đặt tại web', '20240523124533', '0YLHOIHE', '14426252', ''),
(23, '28800000', 'NCB', 'VNP14426256', 'ATM', 'Thanh toán đơn hàng đặt tại web', '20240523125136', '0YLHOIHE', '14426256', ''),
(24, '31500000', 'VNPAY', '', 'QRCODE', 'Thanh toán đơn hàng đặt tại web', '20240525231505', '0YLHOIHE', '0', ''),
(25, '36700000', 'NCB', 'VNP14430561', 'ATM', 'Thanh toán đơn hàng đặt tại web', '20240526194302', '0YLHOIHE', '14430561', ''),
(26, '36700000', 'NCB', 'VNP14430561', 'ATM', 'Thanh toán đơn hàng đặt tại web', '20240526194302', '0YLHOIHE', '14430561', ''),
(27, '34100000', 'NCB', 'VNP14432657', 'ATM', 'Thanh toán đơn hàng đặt tại web', '20240528101620', '1N6V4EZZ', '14432657', ''),
(28, '21500000', 'NCB', 'VNP14432662', 'ATM', 'Thanh toán đơn hàng đặt tại web', '20240528101746', '1N6V4EZZ', '14432662', ''),
(29, '60100000', 'NCB', 'VNP14437069', 'ATM', 'Thanh toán đơn hàng đặt tại web', '20240530181444', '1N6V4EZZ', '14437069', ''),
(30, '36700000', 'NCB', 'VNP14677546', 'ATM', 'Thanh toán đơn hàng đặt tại web', '20241117135229', 'C4H18FKJ', '14677546', '8627'),
(31, '36700000', 'NCB', 'VNP14677547', 'ATM', 'Thanh toán đơn hàng đặt tại web', '20241117135310', 'C4H18FKJ', '14677547', '9474'),
(32, '41500000', 'NCB', 'VNP14677548', 'ATM', 'Thanh toán đơn hàng đặt tại web', '20241117135424', 'C4H18FKJ', '14677548', '2152'),
(33, '41500000', 'NCB', 'VNP14677548', 'ATM', 'Thanh toán đơn hàng đặt tại web', '20241117135424', 'C4H18FKJ', '14677548', '2312'),
(34, '35400000', 'NCB', 'VNP14677553', 'ATM', 'Thanh toán đơn hàng đặt tại web', '20241117140233', 'C4H18FKJ', '14677553', '2202'),
(35, '34100000', 'NCB', 'VNP14677561', 'ATM', 'Thanh toán đơn hàng đặt tại web', '20241117140523', 'C4H18FKJ', '14677561', '6498'),
(36, '17400000', 'NCB', 'VNP14677572', 'ATM', 'Thanh toán đơn hàng đặt tại web', '20241117141204', 'C4H18FKJ', '14677572', '9061'),
(37, '11700000', 'NCB', 'VNP14725733', 'ATM', 'Thanh toán đơn hàng đặt tại web', '20241206212304', 'C4H18FKJ', '14725733', '8211'),
(38, '17400000', 'NCB', 'VNP14725813', 'ATM', 'Thanh toán đơn hàng đặt tại web', '20241206215046', 'C4H18FKJ', '14725813', '9984'),
(39, '12700000', 'NCB', 'VNP14725818', 'ATM', 'Thanh toán đơn hàng đặt tại web', '20241206215328', 'C4H18FKJ', '14725818', '1948'),
(43, '2500000', 'NCB', 'VNP14725870', 'ATM', 'Thanh toán đơn hàng đặt tại web', '20241206222442', 'C4H18FKJ', '14725870', '9100'),
(44, '20200000', 'NCB', 'VNP14734779', 'ATM', 'Thanh toán đơn hàng đặt tại web', '20241210215714', 'C4H18FKJ', '14734779', '9226'),
(45, '11700000', 'NCB', 'VNP14743282', 'ATM', 'Thanh toán đơn hàng đặt tại web', '20241214073221', 'C4H18FKJ', '14743282', '8350'),
(46, '11700000', 'NCB', 'VNP14743521', 'ATM', 'Thanh toán đơn hàng đặt tại web', '20241214110432', 'C4H18FKJ', '14743521', '4657');

-- --------------------------------------------------------

--
-- Table structure for table `theloai`
--

CREATE TABLE `theloai` (
  `id` int(10) UNSIGNED NOT NULL,
  `ten_tl` varchar(191) NOT NULL,
  `tenthuonghieu` varchar(255) NOT NULL,
  `tong_sp` int(11) NOT NULL,
  `ngay_tao` timestamp NOT NULL DEFAULT current_timestamp(),
  `ngay_sua` timestamp NULL DEFAULT current_timestamp(),
  `image_theloai` varchar(255) NOT NULL
) ENGINE=InnoDB DEFAULT CHARSET=utf8 COLLATE=utf8_unicode_ci;

--
-- Dumping data for table `theloai`
--

INSERT INTO `theloai` (`id`, `ten_tl`, `tenthuonghieu`, `tong_sp`, `ngay_tao`, `ngay_sua`, `image_theloai`) VALUES
(1, 'Sửa rữa mặt ', 'CERAVE', 467, '2023-10-25 14:04:25', '2021-11-12 14:00:00', 'Thuong_hieu_CeraVe-768x431.jpg'),
(2, 'Kem chống nắng', '3W Intensive', 352, '2023-11-07 23:30:00', '2023-11-12 10:15:00', 'kem chong nang.jpg'),
(3, 'Serum', 'Diy Skin Care', 148, '2023-11-06 01:30:00', '2023-11-09 08:30:00', 'serum.jpg'),
(4, 'Nước Hoa', 'COCO CHANEL', 502, '2023-10-11 23:30:00', '2023-11-12 05:00:00', 'OIP.jpg'),
(5, 'Nước tẩy trang', 'COSMETIC GARDEN', 264, '2023-11-09 10:25:50', '2023-11-12 10:25:50', 'download.jpg'),
(6, 'Sản phẩm khác', 'SKINMART', 296, '2023-11-04 15:00:00', '2023-11-12 14:32:00', 'OIP (2).jpg'),
(9, 'Son', '3CE', 53, '2024-05-15 04:58:04', '2024-05-15 04:58:04', 'OIP (1).jpg');

--
-- Indexes for dumped tables
--

--
-- Indexes for table `cthoadon`
--
ALTER TABLE `cthoadon`
  ADD PRIMARY KEY (`id`),
  ADD KEY `id_sanpham` (`id_sanpham`),
  ADD KEY `cthoadon_ibfk_1` (`id_hoadon`);

--
-- Indexes for table `ctphieunhap`
--
ALTER TABLE `ctphieunhap`
  ADD KEY `id_sp` (`id_sp`),
  ADD KEY `ctphieunhap_ibfk_1` (`id_phieunhap`);

--
-- Indexes for table `danhmuc`
--
ALTER TABLE `danhmuc`
  ADD PRIMARY KEY (`id`);

--
-- Indexes for table `hinhanhsp`
--
ALTER TABLE `hinhanhsp`
  ADD PRIMARY KEY (`id`),
  ADD KEY `hinhanhsp_ibfk_1` (`id_sp`);

--
-- Indexes for table `hoadon`
--
ALTER TABLE `hoadon`
  ADD PRIMARY KEY (`id`),
  ADD KEY `id_khachhang` (`id_khachhang`);

--
-- Indexes for table `khachhang`
--
ALTER TABLE `khachhang`
  ADD PRIMARY KEY (`id`);

--
-- Indexes for table `nhacungcap`
--
ALTER TABLE `nhacungcap`
  ADD PRIMARY KEY (`id`);

--
-- Indexes for table `nhanvien`
--
ALTER TABLE `nhanvien`
  ADD PRIMARY KEY (`id`);

--
-- Indexes for table `phieunhap`
--
ALTER TABLE `phieunhap`
  ADD PRIMARY KEY (`id`),
  ADD KEY `id_nv` (`id_nv`);

--
-- Indexes for table `quyen`
--
ALTER TABLE `quyen`
  ADD PRIMARY KEY (`id`);

--
-- Indexes for table `quyendahmuc`
--
ALTER TABLE `quyendahmuc`
  ADD KEY `id_danhmuc` (`id_danhmuc`),
  ADD KEY `id_quyen` (`id_quyen`);

--
-- Indexes for table `sanpham`
--
ALTER TABLE `sanpham`
  ADD PRIMARY KEY (`id`),
  ADD KEY `id_nha_cc` (`id_nha_cc`),
  ADD KEY `id_the_loai` (`id_the_loai`);

--
-- Indexes for table `taikhoang`
--
ALTER TABLE `taikhoang`
  ADD PRIMARY KEY (`username`),
  ADD KEY `id_quyen` (`id_quyen`);

--
-- Indexes for table `tbl_baiviet`
--
ALTER TABLE `tbl_baiviet`
  ADD PRIMARY KEY (`id_baiviet`);

--
-- Indexes for table `tbl_danhmucbaiviet`
--
ALTER TABLE `tbl_danhmucbaiviet`
  ADD PRIMARY KEY (`id_danhmucbaiviet`);

--
-- Indexes for table `tbl_momo`
--
ALTER TABLE `tbl_momo`
  ADD PRIMARY KEY (`id_momo`);

--
-- Indexes for table `tbl_slider`
--
ALTER TABLE `tbl_slider`
  ADD PRIMARY KEY (`id_thuonghieu`);

--
-- Indexes for table `tbl_vnpay`
--
ALTER TABLE `tbl_vnpay`
  ADD PRIMARY KEY (`id_vnpay`);

--
-- Indexes for table `theloai`
--
ALTER TABLE `theloai`
  ADD PRIMARY KEY (`id`);

--
-- AUTO_INCREMENT for dumped tables
--

--
-- AUTO_INCREMENT for table `cthoadon`
--
ALTER TABLE `cthoadon`
  MODIFY `id` int(10) UNSIGNED NOT NULL AUTO_INCREMENT, AUTO_INCREMENT=437;

--
-- AUTO_INCREMENT for table `danhmuc`
--
ALTER TABLE `danhmuc`
  MODIFY `id` int(10) UNSIGNED NOT NULL AUTO_INCREMENT, AUTO_INCREMENT=22;

--
-- AUTO_INCREMENT for table `hinhanhsp`
--
ALTER TABLE `hinhanhsp`
  MODIFY `id` int(10) UNSIGNED NOT NULL AUTO_INCREMENT, AUTO_INCREMENT=215;

--
-- AUTO_INCREMENT for table `hoadon`
--
ALTER TABLE `hoadon`
  MODIFY `id` int(10) UNSIGNED NOT NULL AUTO_INCREMENT, AUTO_INCREMENT=417;

--
-- AUTO_INCREMENT for table `khachhang`
--
ALTER TABLE `khachhang`
  MODIFY `id` int(10) UNSIGNED NOT NULL AUTO_INCREMENT, AUTO_INCREMENT=45;

--
-- AUTO_INCREMENT for table `nhacungcap`
--
ALTER TABLE `nhacungcap`
  MODIFY `id` int(10) UNSIGNED NOT NULL AUTO_INCREMENT, AUTO_INCREMENT=22;

--
-- AUTO_INCREMENT for table `nhanvien`
--
ALTER TABLE `nhanvien`
  MODIFY `id` int(10) UNSIGNED NOT NULL AUTO_INCREMENT, AUTO_INCREMENT=7;

--
-- AUTO_INCREMENT for table `phieunhap`
--
ALTER TABLE `phieunhap`
  MODIFY `id` int(10) UNSIGNED NOT NULL AUTO_INCREMENT, AUTO_INCREMENT=29;

--
-- AUTO_INCREMENT for table `quyen`
--
ALTER TABLE `quyen`
  MODIFY `id` int(10) UNSIGNED NOT NULL AUTO_INCREMENT, AUTO_INCREMENT=8;

--
-- AUTO_INCREMENT for table `sanpham`
--
ALTER TABLE `sanpham`
  MODIFY `id` int(10) UNSIGNED NOT NULL AUTO_INCREMENT, AUTO_INCREMENT=83;

--
-- AUTO_INCREMENT for table `tbl_baiviet`
--
ALTER TABLE `tbl_baiviet`
  MODIFY `id_baiviet` int(11) NOT NULL AUTO_INCREMENT, AUTO_INCREMENT=20;

--
-- AUTO_INCREMENT for table `tbl_danhmucbaiviet`
--
ALTER TABLE `tbl_danhmucbaiviet`
  MODIFY `id_danhmucbaiviet` int(11) NOT NULL AUTO_INCREMENT, AUTO_INCREMENT=10;

--
-- AUTO_INCREMENT for table `tbl_momo`
--
ALTER TABLE `tbl_momo`
  MODIFY `id_momo` int(11) NOT NULL AUTO_INCREMENT, AUTO_INCREMENT=31;

--
-- AUTO_INCREMENT for table `tbl_slider`
--
ALTER TABLE `tbl_slider`
  MODIFY `id_thuonghieu` int(11) NOT NULL AUTO_INCREMENT, AUTO_INCREMENT=13;

--
-- AUTO_INCREMENT for table `tbl_vnpay`
--
ALTER TABLE `tbl_vnpay`
  MODIFY `id_vnpay` int(11) NOT NULL AUTO_INCREMENT, AUTO_INCREMENT=47;

--
-- AUTO_INCREMENT for table `theloai`
--
ALTER TABLE `theloai`
  MODIFY `id` int(10) UNSIGNED NOT NULL AUTO_INCREMENT, AUTO_INCREMENT=19;

--
-- Constraints for dumped tables
--

--
-- Constraints for table `cthoadon`
--
ALTER TABLE `cthoadon`
  ADD CONSTRAINT `cthoadon_ibfk_1` FOREIGN KEY (`id_hoadon`) REFERENCES `hoadon` (`id`) ON DELETE CASCADE ON UPDATE CASCADE,
  ADD CONSTRAINT `cthoadon_ibfk_2` FOREIGN KEY (`id_sanpham`) REFERENCES `sanpham` (`id`);

--
-- Constraints for table `ctphieunhap`
--
ALTER TABLE `ctphieunhap`
  ADD CONSTRAINT `ctphieunhap_ibfk_1` FOREIGN KEY (`id_phieunhap`) REFERENCES `phieunhap` (`id`) ON DELETE CASCADE ON UPDATE CASCADE,
  ADD CONSTRAINT `ctphieunhap_ibfk_2` FOREIGN KEY (`id_sp`) REFERENCES `sanpham` (`id`);

--
-- Constraints for table `hinhanhsp`
--
ALTER TABLE `hinhanhsp`
  ADD CONSTRAINT `hinhanhsp_ibfk_1` FOREIGN KEY (`id_sp`) REFERENCES `sanpham` (`id`) ON DELETE CASCADE ON UPDATE CASCADE;

--
-- Constraints for table `hoadon`
--
ALTER TABLE `hoadon`
  ADD CONSTRAINT `hoadon_ibfk_1` FOREIGN KEY (`id_khachhang`) REFERENCES `khachhang` (`id`);

--
-- Constraints for table `phieunhap`
--
ALTER TABLE `phieunhap`
  ADD CONSTRAINT `phieunhap_ibfk_1` FOREIGN KEY (`id_nv`) REFERENCES `nhanvien` (`id`);

--
-- Constraints for table `sanpham`
--
ALTER TABLE `sanpham`
  ADD CONSTRAINT `sanpham_ibfk_1` FOREIGN KEY (`id_nha_cc`) REFERENCES `nhacungcap` (`id`),
  ADD CONSTRAINT `sanpham_ibfk_2` FOREIGN KEY (`id_the_loai`) REFERENCES `theloai` (`id`);
COMMIT;

/*!40101 SET CHARACTER_SET_CLIENT=@OLD_CHARACTER_SET_CLIENT */;
/*!40101 SET CHARACTER_SET_RESULTS=@OLD_CHARACTER_SET_RESULTS */;
/*!40101 SET COLLATION_CONNECTION=@OLD_COLLATION_CONNECTION */;
